food_name,calories_per_100g_kcal,fat_per_100g_g,cholesterol_per_100g_mg,protein_per_100g_g,carbohydrate_per_100g_g,fiber_per_100g_g,sugar_per_100g_g,sodium_per_100g_mg,kalium_per_100g_mg,detail_url,instance_weight_g
Ayam Bakar,188.0,7.35,88.0,28.69,0.0,0.0,0.0,409.0,241.0,https://www.fatsecret.co.id/kalori-gizi/umum/ayam-bakar-(kulit-tidak-dimakan),85
Ayam Goreng,260.0,14.55,57.0,21.93,10.76,1.4,0.26,350.0,323.0,https://www.fatsecret.co.id/kalori-gizi/umum/ayam-goreng,85
Bakso,202.0,13.16,74.0,12.41,7.58,0.5,1.51,478.0,213.0,"https://www.fatsecret.co.id/kalori-gizi/umum/bakso-daging-sapi?portionid=570250&portionamount=100,000",28
Bakwan,228.0,19.31,49.0,3.31,11.23,1.2,1.75,164.0,123.0,"https://www.fatsecret.co.id/kalori-gizi/umum/bakwan?portionid=5125717&portionamount=100,000",60
Bihun,152.0,5.68,35.0,5.91,18.26,0.6,1.3,322.0,119.0,https://www.fatsecret.co.id/kalori-gizi/umum/bihun-goreng,240
Capcay,67.0,2.59,3.0,1.58,9.67,1.5,2.12,403.0,212.0,https://www.fatsecret.co.id/kalori-gizi/umum/cap-cay-kuah,90
Gado Gado,132.0,7.41,78.0,7.14,10.9,2.9,1.84,126.0,312.0,https://www.fatsecret.co.id/kalori-gizi/umum/gado-gado,241
Ikan goreng,167.0,9.36,64.0,19.32,0.0,0.0,0.0,78.0,389.0,https://www.fatsecret.co.id/kalori-gizi/umum/ikan-kembung,85
Kerupuk Udang,541.0,35.19,81.0,6.66,50.08,0.5,1.89,1364.0,32.0,"https://www.fatsecret.co.id/kalori-gizi/umum/kerupuk-udang?portionid=53028&portionamount=100,000",2
Martabak Telur,185.0,7.68,145.0,9.9,18.52,1.3,0.94,135.0,210.0,https://www.fatsecret.co.id/kalori-gizi/umum/martabak-telur,18
Mie,137.0,2.06,29.0,4.51,25.01,1.2,0.4,236.0,38.0,https://www.fatsecret.co.id/kalori-gizi/umum/mie,160
Nasi Goreng,168.0,6.23,52.0,6.3,21.06,0.7,0.76,415.0,102.0,https://www.fatsecret.co.id/kalori-gizi/umum/nasi-goreng,149
Nasi Putih,129.0,0.28,0.0,2.66,27.9,0.4,0.05,365.0,35.0,https://www.fatsecret.co.id/kalori-gizi/umum/nasi-putih,105
Nugget,297.0,18.82,55.0,15.59,16.32,0.9,0.88,574.0,261.0,"https://www.fatsecret.co.id/kalori-gizi/umum/chicken-nugget?portionid=50418&portionamount=100,000",16
Opor Ayam,163.0,8.67,40.0,16.53,5.6,1.5,1.77,219.0,325.0,https://www.fatsecret.co.id/kalori-gizi/umum/opor-ayam,240
Pempek,195.0,5.2,81.0,12.61,23.58,0.7,9.32,57.0,231.0,"https://www.fatsecret.co.id/kalori-gizi/umum/pempek?portionid=4969140&portionamount=100,000",20
Rendang,195.0,11.07,29.0,19.68,4.49,1.7,1.31,184.0,373.0,https://www.fatsecret.co.id/kalori-gizi/umum/rendang,240
Roti,264.0,1.3,0.0,9.61,55.81,7.1,0.28,486.0,239.0,"https://www.fatsecret.co.id/kalori-gizi/umum/roti?portionid=333753&portionamount=100,000",37
Sate,225.0,14.82,49.0,19.54,4.87,1.9,1.99,355.0,315.0,"https://www.fatsecret.co.id/kalori-gizi/umum/sate-ayam?portionid=4969313&portionamount=100,000",45
Sosis,172.0,9.98,79.0,17.82,1.52,0.0,0.0,722.0,232.0,"https://www.fatsecret.co.id/kalori-gizi/umum/sosis-ayam?portionid=342769&portionamount=100,000",30
Soto,130.0,6.19,53.0,9.96,8.11,0.7,0.41,87.0,124.0,"https://www.fatsecret.co.id/kalori-gizi/umum/soto-ayam?portionid=5702665&portionamount=100,000",241
Tahu,271.0,20.18,0.0,17.19,10.49,3.9,2.72,16.0,146.0,"https://www.fatsecret.co.id/kalori-gizi/umum/tahu-goreng?portionid=61069&portionamount=100,000",13
Telur,147.0,9.94,423.0,12.58,0.77,0.0,0.77,140.0,134.0,"https://www.fatsecret.co.id/kalori-gizi/umum/telur?portionid=51772&portionamount=100,000",50
Tempe,225.0,15.21,0.0,13.31,11.94,0.3,0.18,277.0,315.0,https://www.fatsecret.co.id/kalori-gizi/umum/tempe-goreng,15
Tumis Kangkung,98.0,8.71,2.0,2.56,3.99,1.7,0.51,384.0,422.0,https://www.fatsecret.co.id/kalori-gizi/umum/tumis-kangkung,85
Udang,144.0,2.35,206.0,27.59,1.24,0.0,0.0,613.0,176.0,https://www.fatsecret.co.id/kalori-gizi/umum/udang,145
Lontong,144.0,0.23,0.0,2.76,31.76,1.2,0.12,123.0,51.0,"https://www.fatsecret.co.id/kalori-gizi/umum/lontong?portionid=6403427&portionamount=100,000",0
Ketupat,160.0,2.42,0.0,3.27,30.36,1.1,0.11,120.0,49.0,https://www.fatsecret.co.id/kalori-gizi/umum/ketupat,0
Bubur Ayam,155.0,5.16,30.0,11.48,15.05,0.8,0.08,244.0,169.0,"https://www.fatsecret.co.id/kalori-gizi/umum/bubur-ayam?portionid=5260590&portionamount=100,000",0
Bubur Kacang Hijau,108.0,3.06,0.0,3.54,17.76,2.8,8.35,46.0,161.0,https://www.fatsecret.co.id/kalori-gizi/umum/bubur-kacang-hijau,0
Gudeg,127.0,4.71,0.0,1.82,22.54,2.1,2.45,147.0,300.0,https://www.fatsecret.co.id/kalori-gizi/umum/gudeg,0
Jagung Rebus,93.0,0.74,0.0,3.11,22.33,2.8,3.59,4.0,251.0,https://www.fatsecret.co.id/kalori-gizi/umum/jagung-rebus,0
Singkong Rebus,146.0,0.26,0.0,1.24,34.76,1.6,1.55,13.0,247.0,https://www.fatsecret.co.id/kalori-gizi/umum/singkong-rebus,0
Ubi Jalar,76.0,0.14,0.0,1.37,17.72,2.5,5.74,27.0,230.0,https://www.fatsecret.co.id/kalori-gizi/umum/ubi-jalar-(tanpa-kulit-dimasak-direbus),0
Nasi Uduk,163.0,8.09,0.0,2.54,20.52,1.0,1.14,198.0,110.0,"https://www.fatsecret.co.id/kalori-gizi/umum/nasi-uduk?portionid=6035967&portionamount=100,000",0
Nasi Liwet,138.0,2.72,0.0,2.74,25.94,1.2,0.51,228.0,113.0,https://www.fatsecret.co.id/kalori-gizi/umum/nasi-liwet,0
Nasi Kuning,95.0,0.17,0.0,1.89,20.86,0.4,0.39,550.0,44.0,"https://www.fatsecret.co.id/kalori-gizi/umum/nasi-kuning?portionid=53194&portionamount=100,000",0
Ayam Rica-Rica,202.0,11.41,63.0,20.49,3.71,0.5,0.34,238.0,265.0,"https://www.fatsecret.co.id/kalori-gizi/umum/ayam-rica-rica?portionid=31269545&portionamount=100,000",0
Ayam Betutu,212.0,17.4,36.0,11.3,3.16,0.8,0.14,251.0,172.0,"https://www.fatsecret.co.id/kalori-gizi/umum/ayam-betutu?portionid=60226198&portionamount=100,000",0
Ayam Taliwang,260.0,19.71,54.0,17.77,2.63,0.3,1.92,423.0,215.0,"https://www.fatsecret.co.id/kalori-gizi/umum/ayam-taliwang?portionid=57081611&portionamount=100,000",0
Ayam Geprek,263.0,17.99,139.0,17.61,7.6,0.8,0.78,460.0,216.0,"https://www.fatsecret.co.id/kalori-gizi/umum/ayam-geprek?portionid=27502196&portionamount=100,000",0
Bebek Goreng,286.0,24.1,56.0,13.05,3.66,0.6,1.14,61.0,197.0,"https://www.fatsecret.co.id/kalori-gizi/umum/bebek-goreng?portionid=44273479&portionamount=100,000",0
Bebek Bakar,314.0,25.9,82.0,18.75,0.0,0.0,0.0,193.0,201.0,"https://www.fatsecret.co.id/kalori-gizi/umum/bebek-bakar?portionid=64089798&portionamount=100,000",0
Ikan Mas Goreng,117.0,4.39,58.0,18.16,0.17,0.0,0.01,88.0,327.0,https://www.fatsecret.co.id/kalori-gizi/umum/ikan-mas-goreng,0
Ikan Patin Bakar,144.0,6.61,64.0,17.78,2.22,0.0,2.01,372.0,412.0,https://www.fatsecret.co.id/kalori-gizi/umum/ikan-patin-bakar,0
Ikan Tuna Panggang,153.0,3.96,53.0,27.3,0.41,0.0,0.09,366.0,524.0,https://www.fatsecret.co.id/kalori-gizi/umum/ikan-tuna-panggang,0
Ikan Tongkol,110.0,0.92,42.0,23.87,0.0,0.0,0.0,106.0,396.0,https://www.fatsecret.co.id/kalori-gizi/umum/ikan-tongkol,0
Bandeng Presto,171.0,8.22,40.0,16.87,6.77,0.8,0.25,270.0,359.0,https://www.fatsecret.co.id/kalori-gizi/umum/bandeng-presto,0
Nila,128.0,2.65,57.0,26.15,0.0,0.0,0.0,56.0,380.0,https://www.fatsecret.co.id/kalori-gizi/umum/nila-(ikan)-(dimasak-panas-kering),0
Ikan Salmon Panggang,171.0,7.56,62.0,23.97,0.49,0.0,0.11,467.0,395.0,https://www.fatsecret.co.id/kalori-gizi/umum/ikan-salmon-panggang,0
Tahu Kukus,78.0,4.34,0.0,7.97,1.93,0.1,0.96,63.0,149.0,https://www.fatsecret.co.id/kalori-gizi/umum/tahu-kukus,0
Tahu Bulat,173.0,12.99,214.0,11.81,3.39,1.0,0.48,281.0,176.0,"https://www.fatsecret.co.id/kalori-gizi/umum/tahu-bulat?portionid=47372277&portionamount=100,000",0
Tahu Isi,112.0,5.53,46.0,8.54,7.21,1.0,1.4,270.0,180.0,"https://www.fatsecret.co.id/kalori-gizi/umum/tahu-isi?portionid=8730785&portionamount=100,000",0
Tempe Mendoan,200.0,12.78,0.0,11.18,12.69,0.3,0.15,233.0,265.0,https://www.fatsecret.co.id/kalori-gizi/umum/tempe-mendoan,0
Tempe Goreng Tepung,241.0,14.09,0.0,12.77,18.61,0.5,0.18,254.0,296.0,"https://www.fatsecret.co.id/kalori-gizi/umum/tempe-goreng-tepung?portionid=34467093&portionamount=100,000",0
Nasi Pecel,230.0,9.33,0.0,6.58,31.74,2.0,9.56,8.0,202.0,https://www.fatsecret.co.id/kalori-gizi/umum/nasi-pecel,0
Nasi Bakar,281.0,13.25,36.0,14.49,25.39,0.8,0.36,169.0,209.0,"https://www.fatsecret.co.id/kalori-gizi/umum/nasi-bakar?portionid=27618185&portionamount=100,000",0
Cumi Asin,173.0,8.19,136.0,20.92,2.52,0.0,0.0,233.0,378.0,https://www.fatsecret.co.id/kalori-gizi/umum/cumi-asin,0
Tahu Sumedang,118.0,8.06,0.0,7.06,4.34,0.4,0.91,196.0,153.0,"https://www.fatsecret.co.id/kalori-gizi/umum/tahu-sumedang?portionid=53067594&portionamount=100,000",0
Sambal Goreng Kentang,102.0,3.02,101.0,8.72,10.15,1.1,1.25,114.0,341.0,https://www.fatsecret.co.id/kalori-gizi/umum/sambal-goreng-kentang,0
Telur Dadar,153.0,12.02,356.0,10.62,0.69,0.0,0.65,161.0,114.0,"https://www.fatsecret.co.id/kalori-gizi/umum/telur-dadar?portionid=56530&portionamount=100,000",0
Dendeng Sapi,410.0,25.6,48.0,33.2,11.0,1.8,9.0,2213.0,597.0,"https://www.fatsecret.co.id/kalori-gizi/umum/dendeng-sapi?portionid=62020&portionamount=100,000",0
Usus Ayam,94.0,2.06,240.0,17.66,0.0,0.0,0.0,69.0,237.0,https://www.fatsecret.co.id/kalori-gizi/umum/usus-ayam,0
Sate Usus,141.0,7.28,171.0,16.81,1.13,0.1,0.0,505.0,157.0,"https://www.fatsecret.co.id/kalori-gizi/umum/sate-usus?portionid=52640833&portionamount=100,000",0
Sayur Lodeh,68.0,3.95,3.0,2.78,6.14,1.1,1.76,204.0,174.0,"https://www.fatsecret.co.id/kalori-gizi/umum/sayur-lodeh?portionid=8088286&portionamount=100,000",0
Sayur Bening Bayam,36.0,0.37,0.0,1.79,7.64,1.4,2.82,162.0,291.0,https://www.fatsecret.co.id/kalori-gizi/umum/sayur-bening-bayam,0
Jamur Tiram,35.0,0.44,0.0,3.34,6.43,2.4,1.11,18.0,420.0,https://www.fatsecret.co.id/kalori-gizi/umum/jamur-tiram,0
Terong Balado,97.0,7.99,0.0,1.16,7.09,3.4,3.17,262.0,240.0,https://www.fatsecret.co.id/kalori-gizi/umum/terong-balado,0
Tumis Pare,46.0,2.45,0.0,1.25,5.74,2.5,0.74,125.0,277.0,https://www.fatsecret.co.id/kalori-gizi/umum/tumis-pare,0
Labu Siam,17.0,0.13,0.0,0.82,3.9,1.7,1.85,2.0,125.0,https://www.fatsecret.co.id/kalori-gizi/umum/labu-siam,0
Teri Kacang Balado,260.0,11.08,20.0,10.77,32.08,2.9,18.27,406.0,340.0,https://www.fatsecret.co.id/kalori-gizi/umum/teri-kacang-balado,0
Omelet Mie,138.0,2.03,78.0,4.48,24.43,0.5,1.99,208.0,98.0,https://www.fatsecret.co.id/kalori-gizi/umum/omelet-mie,0
Dadar Gulung,231.0,11.31,74.0,4.7,28.59,1.9,5.8,67.0,160.0,"https://www.fatsecret.co.id/kalori-gizi/umum/dadar-gulung?portionid=13982102&portionamount=100,000",0
Telur Orak-Arik,166.0,12.21,352.0,11.09,2.2,0.0,1.73,280.0,138.0,"https://www.fatsecret.co.id/kalori-gizi/umum/telur-orak-arik-(utuh-dimasak)?portionid=56532&portionamount=100,000",0
Telur Ceplok,201.0,15.31,457.0,13.63,0.88,0.0,0.83,204.0,147.0,"https://www.fatsecret.co.id/kalori-gizi/umum/telur-ceplok?portionid=56528&portionamount=100,000",0
Telur Puyuh,158.0,11.09,844.0,13.05,0.41,0.0,0.41,141.0,132.0,"https://www.fatsecret.co.id/kalori-gizi/umum/telur-puyuh?portionid=56540&portionamount=100,000",0
Ayam Rendang,199.0,11.18,48.0,19.27,6.05,2.5,1.56,274.0,308.0,"https://www.fatsecret.co.id/kalori-gizi/umum/ayam-rendang?portionid=65146756&portionamount=100,000",0
Jengkol,151.0,0.5,0.0,14.26,23.54,4.2,2.71,19.0,437.0,https://www.fatsecret.co.id/kalori-gizi/umum/jengkol,0
Semur Tahu,142.0,4.87,0.0,3.59,21.8,0.6,12.8,569.0,173.0,"https://www.fatsecret.co.id/kalori-gizi/umum/semur-tahu?portionid=53455520&portionamount=100,000",0
Semur Daging,141.0,8.0,40.0,12.7,4.34,0.7,1.63,370.0,269.0,https://www.fatsecret.co.id/kalori-gizi/umum/semur-daging,0
Paru Sapi Goreng,484.0,36.5,48.0,39.61,0.62,0.1,0.32,356.0,42.0,https://www.fatsecret.co.id/kalori-gizi/umum/paru-sapi-goreng,0
Babat Sapi,94.0,4.05,157.0,11.71,1.99,0.0,0.0,68.0,42.0,https://www.fatsecret.co.id/kalori-gizi/umum/babat-sapi,0
Kikil,100.0,4.53,28.0,10.88,4.16,0.7,0.26,207.0,267.0,https://www.fatsecret.co.id/kalori-gizi/umum/kikil,0
Gulai Kambing,125.0,9.6,12.0,4.71,6.44,1.0,3.1,163.0,173.0,https://www.fatsecret.co.id/kalori-gizi/umum/gulai-kambing,0
Soto Betawi,135.0,8.85,7.0,4.05,11.44,1.3,1.43,194.0,272.0,https://www.fatsecret.co.id/kalori-gizi/umum/soto-betawi,0
Iga Sapi,254.0,19.06,70.0,19.33,0.0,0.0,0.0,49.0,295.0,https://www.fatsecret.co.id/kalori-gizi/umum/iga-sapi-(potongan-kecil-diiris-hingga-03-cm-lemak),0
Sup Ayam,31.0,1.02,3.0,1.68,3.88,0.3,0.11,459.0,23.0,"https://www.fatsecret.co.id/kalori-gizi/umum/sup-ayam?portionid=51693&portionamount=100,000",0
Perkedel Kentang,143.0,7.46,50.0,3.05,16.52,1.5,0.83,204.0,322.0,"https://www.fatsecret.co.id/kalori-gizi/umum/perkedel-kentang?portionid=4969190&portionamount=100,000",0
Perkedel Jagung,260.0,15.44,82.0,5.33,27.01,2.8,3.29,335.0,203.0,"https://www.fatsecret.co.id/kalori-gizi/umum/perkedel-jagung?portionid=5702748&portionamount=100,000",0
Martabak Manis,300.0,12.57,73.0,7.78,41.52,2.0,22.47,250.0,185.0,"http://fatsecret.co.id/kalori-gizi/umum/martabak-manis?portionid=11000827&portionamount=100,000",0
Pastel,251.0,10.21,99.0,6.33,32.71,1.3,0.36,160.0,78.0,"https://www.fatsecret.co.id/kalori-gizi/umum/pastel?portionid=5702613&portionamount=100,000",0
Risoles,160.0,6.25,41.0,10.54,14.43,0.6,1.06,202.0,182.0,"https://www.fatsecret.co.id/kalori-gizi/umum/risoles?portionid=6667166&portionamount=100,000",0
Kroket,127.0,4.72,72.0,4.15,16.86,1.3,1.46,260.0,271.0,"https://www.fatsecret.co.id/kalori-gizi/umum/kroket?portionid=641012&portionamount=100,000",0
Sambal Matah,142.0,10.24,8.0,2.91,11.96,1.0,3.57,1653.0,286.0,"https://www.fatsecret.co.id/kalori-gizi/umum/sambal-matah?portionid=31821093&portionamount=100,000",0
Lalapan,46.0,0.7,0.0,2.05,9.75,2.3,3.99,269.0,314.0,https://www.fatsecret.co.id/kalori-gizi/umum/lalapan,0
Pecel Lele,194.0,11.48,38.0,15.37,7.93,1.0,6.44,48.0,351.0,"https://www.fatsecret.co.id/kalori-gizi/umum/pecel-lele?portionid=13995891&portionamount=100,000",0
Sambal Terasi,15.0,0.5,0.0,0.0,2.0,0.0,2.0,210.0,20.0,https://www.fatsecret.co.id/kalori-gizi/uleg/sambal-terasi/1-takaran-saji,0
Bakmi,169.0,4.88,7.0,6.34,25.06,1.8,1.61,329.0,145.0,https://www.fatsecret.co.id/kalori-gizi/umum/bakmi,0
Mie Ayam,175.0,7.81,44.0,6.96,19.25,1.0,0.55,15.0,60.0,"https://www.fatsecret.co.id/kalori-gizi/umum/mie-ayam?portionid=5702650&portionamount=100,000",0
Telur Balado,202.0,16.43,332.0,10.21,3.49,0.8,2.2,356.0,158.0,"https://www.fatsecret.co.id/kalori-gizi/umum/telur-balado?portionid=6764715&portionamount=100,000",0
