recipe_name,description,ingredients,instructions,serving_yield,calories_per_serving_kcal,fat_per_serving_g,cholesterol_per_serving_mg,protein_per_serving_g,carbohydrate_per_serving_g,fiber_per_serving_g,sugar_per_serving_g,sodium_per_serving_mg,kalium_per_serving_mg,detail_url,image_url,health_category
Makaroni ayam,Enak bangetttt.,"100 gram dada ayam, 1 mangkok,masak makaroni, 1 mangkok saus spageti tanpa daging, 100 gram bawang bombay dimasak, 1 sdt bawang putih bubuk, 1 sejumput lada hitam, 1 sejumput garam laut, 1 sdm saus sambal, 1 siung bawang putih dimasak","Potong bawang putih (1 siung), bawang bombay setengah aja., Marinasi ayam dengan lada, bawang putih bubuk dan garam ayamnya di potong dadu ya., Tumis bawang putih dan bawang bombay., Masukkan ayam yang sudah dimarinasi., Beri sedikit air., Kemudian masukkan saus bolognese dan saus sambal 1 sendok., Kemudian masak hingga air menyusut., Tambah sedikit keju quick melt untuk hiasan aja sih hehe.",5,147.0,3.8,17.0,8.92,18.83,1.1,6.52,547.0,290.0,https://www.fatsecret.co.id/resep/makaroni-ayam/Default.aspx,https://m.ftscrt.com/static/recipe/cda3adda-d61a-4ebd-a789-dbef91527d25_sq.jpg,Healthy
Kwetiau Ayam,Hidangan ini benar-benar enak dan cepat dibuat di rumah.,"15 gram dada ayam, 2 gram bawang bombay dimasak, 1/2 sdt garam, 2 ml minyak goreng, 100 gram kwetiau, 1 sendok saus sambal, 2 sdm kecap manis","Panaskan minyak dalam wajan dan tumis bawang bombay., Masukkan ayam yg sudah di potong, lalu tumis sebentar., Tambahkan kwetiau dan bumbunya., Campur dengan baik. Angkat dari api setelah selesai. Tambahkan lauk yang diinginkan.",1,322.0,9.43,16.0,9.9,48.97,0.5,23.91,2387.0,163.0,https://www.fatsecret.co.id/resep/55542734-kwetiau-ayam/Default.aspx,https://m.ftscrt.com/static/recipe/9c82a46c-2cb2-4490-89ec-b134ef3d14ed_sq.jpg,Unhealthy
Ayam Teriyaki,Teriyaki ayam klasik yang begitu juicy dan lembut.,"300 gram dada ayam, 5 sdm cabai merah atau rawit, 1/4 siung bawang putih, 1 sdm minyak goreng, 18 g royco ayam, 40 ml saus teriyaki","Panaskan minyak tumis bawang putih., Masukan ayam dan air., Tambahkan royco, saus teriyaki, dan cabai dan tunggu hingga matang.",5,167.0,7.55,50.0,18.38,5.96,1.4,3.46,2148.0,253.0,https://www.fatsecret.co.id/resep/52894139-ayam-teriyaki/Default.aspx,https://m.ftscrt.com/static/recipe/f4ad1c91-34fa-4fae-ad98-3aa4aa52aa1c_sq.jpg,Unhealthy
Ayam Teriyaki,Teriyaki ayam yang gurih dan juicy.,"25 gram bawang bombay, 1 sejumput garam, 50 gram daging dada ayam (ayam pedaging, dipanggang, dimasak), 100 ml air, 1 sdm kecap manis, 15 g saus sambal, 1 jumput msg, 10 ml saori saus teriyaki","Dalam wajan panas dengan sedikit air, tumis bawang bombay dan cabai yang sudah dicincang., Tambahkan air dan potongan ayam ke dalam wajan. Aduk selama beberapa menit., Tambahkan semua bahan yang tersisa. Aduk rata dan pindahkan ke piring setelah matang.",1,204.0,2.78,42.0,15.89,26.2,0.4,20.62,2464.0,169.0,https://www.fatsecret.co.id/resep/57575462-ayam-teriyaki/Default.aspx,https://m.ftscrt.com/static/recipe/feb6715d-5000-42e8-8fe4-ad3e48859fab_sq.jpg,Unhealthy
Soto Ayam,Soto ayam tanpa santan.,"178 gram dada ayam rebus (kulit tidak dimakan), 200 gram kecambah, 2 gram ketumbar, 2 sdt kunyit, 1 sdt garam, 100 gram selada kol, 3 siung bawang putih, 1 sdt jahe, 1 mangkok daun bawang, 2 gram sereh, 2 gram kacang kemiri, 2 kecil bawang merah, 500 g mie basah matang, 1 sdm kecap manis, 2 g royco ayam, 3 g lada putih bubuk","Haluskan bawmer, bawput, jahe, kemiri, kunyit dan geprek laos dan sereh., Tumis bumbu halus tadi bersama dgn laos dan sereh yg sudah di geprek dan tambah duan salam dan daun jeruk., Setelah matang, masukan air dan air sisa rebusan ayam., Rebus ayam , tauge, mie shirataki Secara terpisah., Setelah air mendidih , masukan bumbu spt garam, lada bubuk, royko dan kecap manis 1sdm Setelah di rasa pas, matikan api kompor., Siapkan ayam suir, tauge, kol di iris , jeruk nipis , dan mi shirataki nya., Kalo mau pake sambel, tinggal haluskan rawit dan juga air kuah sotonya., Selesai.",6,121.0,1.91,24.0,10.64,16.25,5.2,4.27,658.0,213.0,https://www.fatsecret.co.id/resep/41299672-soto-ayam/Default.aspx,https://m.ftscrt.com/static/recipe/7c98f300-064c-4670-a8b9-27334f534f84_sq.jpg,Healthy
Ayam Brokoli Tumis,Makan siang sehat yang cepat dan mudah.,"80 gram dada ayam, 1 mangkok, segar, potongan batang brokoli dimasak (dari segar), 1 sejumput lada hitam, 1 sdt garam, 1 siung bawang putih, 20 g saus tiram, 1 sdm minyak goreng","Potong ayam dadu, lalu goreng ayam sampai kering., Tumis bawang putih, brokoli, dan masuk ayam., Tambah air, saus tiram, dan bumbu., Aduk sampai rata., Sajikan.",1,347.0,20.58,66.0,27.81,14.47,5.4,2.19,3652.0,674.0,https://www.fatsecret.co.id/resep/51706407-ayam-brokoli-tumis/Default.aspx,https://m.ftscrt.com/static/recipe/fc638dbc-f534-4535-b9ab-fdf561cfc0a1_sq.jpg,Unhealthy
Ayam Goreng Bumbu Kuning,Resep ayam juicy dan lezat dimasak dalam penggorengan udara.,"300 ml air, 25 g bumbu racik ayam goreng, 800 gram ayam","Bilas dan potong ayam., Masukkan air ke dalam panci, tambahkan bumbu ayam goreng dan didihkan., Masukkan potongan ayam, lalu masak dengan api kecil hingga empuk dan air menyusut., Goreng ayam di air fryer tanpa menggunakan minyak hingga matang.",4,486.0,26.98,174.0,54.14,2.5,0.0,0.0,1910.0,442.0,https://www.fatsecret.co.id/resep/57718759-ayam-goreng-bumbu-kuning/Default.aspx,https://m.ftscrt.com/static/recipe/1584852f-c454-4a74-bedd-5990048ad453_sq.jpg,Healthy
Sohun Goreng,Bihun goreng yang lezat dengan ayam dan tempe.,"100 gram dada ayam, 120 gram tomat, 240 gram kecambah, 80 gram sawi, 110 gram mentimun (dengan kulit), 18 gram bawang putih, 50 gram sohun, 60 gram tempe, 40 gram bawang merah, 1 sdm minyak goreng, 10 g bumbu racik nasi goreng","Rendam sohun dngn air panas 5 menit kemudian tiriskan., Iris bawang merah dan bawang putih. Kemudian potong dadu dada ayam dan tempe., Tumis bawang merah dan bawang putih sebentar. Kemudian masukkan dada ayam dan tempe., Masukkan toge dan sawi aduk2. Jngan lupa bumbu nasi goreng instannya ya Terakhir masukkan sohun nya tumis hingga matang., Sajikan dengan irisan mentimun dan tomat.",2,392.0,13.1,42.0,27.31,44.58,5.7,7.84,912.0,732.0,https://www.fatsecret.co.id/resep/42359765-sohun-goreng/Default.aspx,https://m.ftscrt.com/static/recipe/17dd0d3f-746c-4445-9b64-b7f37d23dc82_sq.jpg,Healthy
Oatmeal Goreng,Penganti nasi goreng.,"1 besar telur, 3 gram cabai merah atau rawit, 2 siung bawang putih, 10 gram selada air, 1 sedang wortel bayi, 3 kecil bawang merah, 1 sdm minyak goreng, 35 g instant oatmeal","Panaskan frypan, masukan minyak lalu tumis bawang merah, bawang putih, sama cabe., Setelah layu masukan telur tumis sampai mateng., Masukan wortel tumis sampai layu., Setelah layu masukkan oatmeal aduk sampai tercampur, tambahkan air sedikit agar dy bisa tercampur., Tambahkan selada air atau sayuran pilihan lainnya.",1,416.0,19.21,212.0,14.25,50.24,7.0,10.24,90.0,510.0,https://www.fatsecret.co.id/resep/56502870-oatmeal-goreng/Default.aspx,https://m.ftscrt.com/static/recipe/078b5fa4-cae2-45e1-8d65-d9e4fbba6dc3_sq.jpg,Healthy
Bakso di Soup,Sup bakso dengan kaldu jamur dan sayuran.,"200 gram daging sapi giling, 100 gram kecambah, 1 sdt bawang putih bubuk, 1 sejumput lada hitam, 10 gram cabai merah atau rawit, 1 sdt garam, 2 siung bawang putih, 20 gram daun bawang, 300 gram tahu kukus, 100 gram pakcoy, 50 g tepung tapioka, 40 gram bawang bombay, 5 gram kaldu jamur","Buat adonan bakso dengan cara campurkan tapioka, daging sapi giling, bombay dan bubuk bawang putih serta lada garam. Aduk hingga rata. Dan bulatkan dengan tangan satu per satu. Masukan satu per satu ke dalam air mendidih., Cincang bawang putih dan daun bawang. Masukan ke dalam kuah. Serta lada garam dan kaldu jamur., Rebus sayur pokcoy dan toge dalam panci terpisah., Tunggu hingga bakso matang dan mengapung ke atas. Masukan tahu. Tunggu sampai smua matang. Sajikan bersama toge dan pokcoy rebus sera tambahkan cabai rawit jika suka.",4,242.0,13.64,44.0,20.65,9.99,1.8,4.38,851.0,399.0,https://www.fatsecret.co.id/resep/45631599-bakso-di-soup/Default.aspx,https://m.ftscrt.com/static/recipe/30d324ca-bd61-488c-a2e0-7b1b9c075890_sq.jpg,Healthy
Bakso Ayam Oat,Makanan ramah anggaran dan sehat.,"200 gram dada ayam (kulit tidak dimakan), 1 besar telur, 1 sdt garam, 3 siung bawang putih, 5 gram daun bawang, 1 kecil bawang merah, 52.5 g instant oatmeal, 10 g tepung pati jagung, 10 g kaldu jamur, 3 g lada putih bubuk, 1 sdm saos tiram, 1/2 sdm minyak kelapa","Goreng bawang merah dg minyak kelapa hingga kering., Campur semua bahan dalam blender kecuali daun bawang. Tambahkan daun bawang dan bawang goreng., Rebus air hingga mendidih,kecilkan kompor. Masukkan bakso bentuk sesuai selera., Didihkan kembali rebus selama 10 menit, hingga bakso mengambang., Sajikan bisa di sup/dibakar.",4,197.0,6.18,95.0,19.25,15.26,1.4,1.17,908.0,183.0,https://www.fatsecret.co.id/resep/60882074-bakso-ayam-oat/Default.aspx,https://m.ftscrt.com/static/recipe/7115392f-0cb2-45cc-a831-47c62885c2ba_sq.jpg,Healthy
Sup Baso Ikan,Bola ikan super lezat dan sup sayuran.,"7 1/2 gram kaldu jamur, 1 sdt garam, 1 gram minyak wijen, 2 gram daun bawang, 20 gram sawi putih, 1 gelas air, 117 gram bakso ikan, 20 gram sawi hijau","Siapkan bahan, masak air sampai mendidih., Tambhan minyak wijen, kaldu dan garam, cicipi rasa., Masukan baso, tekakhir masukan sayuran, siapkan wadah.",2,70.0,1.26,31.0,6.9,7.47,0.4,0.24,1371.0,170.0,https://www.fatsecret.co.id/resep/40571575-sup-baso-ikan/Default.aspx,https://m.ftscrt.com/static/recipe/8580b817-a7ad-40a4-b539-36a66c272e7f_sq.jpg,Unhealthy
Tumis Udang dan Bakso,Hidangan bergizi untuk makan siang.,"80 gram udang, 118 gram wortel, 120 gram kembang kol, 1 siung bawang putih, 30 gram bakso daging sapi, 30 gram bakso ayam, 3 g lada putih bubuk, 2 sdm saos tiram, 5 gram cabai merah besar","Cuci udang dan kupas. Potong sayuran., Tumis bawang putih di wajan yang sudah diolesi sedikit minyak sampai harum lalu tambahkan saus tiram., Masukkan udang, bakso, dan sayuran., Bumbui dan didihkan sampai matang.",2,164.0,3.98,106.0,17.68,14.18,3.4,5.68,732.0,526.0,https://www.fatsecret.co.id/resep/57882331-tumis-udang-dan-bakso/Default.aspx,https://m.ftscrt.com/static/recipe/47cd050c-b42e-43f7-9fa5-1ca1a92c18cd_sq.jpg,Healthy
Mapo Tofu,Mapo tofu ala korea.,"1 sdm soy sauce, 2 tbsps olive oil, 4 siung garlic, 1/2 sedang onions, 200 gram tempeh (cooked), 100 g jamur enoki, 65 g bakso daging sapi, 2 sdm gochujang, 200 g tahu original","Tumis bawang putih dan bawang bombay., Masukan tempe dan bakso., Masukan gochujang dan kecap., Tambahkan air dan garam, tunggu sampai mendidih dan reduced., Masukan tahu, masak kurang lebih 2 menit.",4,261.0,16.34,0.0,18.16,12.61,1.0,2.18,699.0,241.0,https://www.fatsecret.co.id/resep/50601681-mapo-tofu/Default.aspx,https://m.ftscrt.com/static/recipe/7a17db21-c70a-4541-9dea-303b818be069_sq.jpg,Healthy
Bakso dan Sup Telur,"Sup kaya dengan telur, tahu sutra, dan bakso.","1/2 slice soft silken tofu, 45 g bakso sapi, 250 ml air mineral, 50 g fish roll, 40 g telur ayam kampung, 48 g crab stick","Didihkan air., Setelah didih masukan telur., Lalu di aduk sebentar dan masukan semua bahan., Tambahkan sedikit penyedap,gula,bawang putih bubuk,dan lada hitam.",1,362.0,14.38,0.0,30.02,27.84,0.0,3.55,1360.0,76.0,https://www.fatsecret.co.id/resep/47903138-bakso-dan-sup-telur/Default.aspx,https://m.ftscrt.com/static/recipe/b77c8c64-ae8f-42e6-9fa3-6f8ac208ed92_sq.jpg,Healthy
Bakwan Sayur Teflon,Bakwan sayur versi sehat.,"30 gram kecambah, 22 gram wortel, 3 gram seledri, 7 gram daun bawang, 55 ml air, 1 sdm extra virgin olive oil, 40 g tepung bakwan","Potong2 wortel, seledri n daun bawang., Masukan kecambah, wortel, air dan tepung bakwan. Aduk rata dan bumbui dengan garam dan merica., Beri teflon minyak zaitun. Panaskan minyak (jangan sampai terlalu panas)., Goreng hingga matang.",1,216.0,6.72,0.0,4.4,34.6,1.4,1.87,21.0,123.0,https://www.fatsecret.co.id/resep/54135353-bakwan-sayur-teflon/Default.aspx,https://m.ftscrt.com/static/recipe/4ff4bdff-e88a-4227-a320-5ca04e4e25d2_sq.jpg,Healthy
Bihun dengan Sayuran,"Hidangan sederhana, rendah kalori.","60 gram carrots, 60 gram broccoli (with salt, drained, cooked, boiled), 55 g bihun rasa ayam bawang","Masak mie sesuai petunjuk kemasan., Rebus sayuran selama 5 menit., Campur mie dan sayuran, bumbui sesuai keinginan, dan sajikan.",1,242.0,3.85,0.0,4.35,47.79,3.7,4.55,888.0,368.0,https://www.fatsecret.co.id/resep/63199942-bihun-dengan-sayuran/Default.aspx,https://m.ftscrt.com/static/recipe/60ce6f52-6fd4-4057-941c-b96adbcfd67c_sq.jpg,Unhealthy
Bihun Rebus,Bihun rebus dengan sawi.,"1 sdm cabai merah atau rawit, 1 sdt garam, 2 siung bawang putih, 1 gelas air, 1 porsi bawang merah, 2,75 ml minyak jagung, 60 g bihun jagung, 2 g royco ayam, 3 g lada putih bubuk, 40 gram sawi hijau","Rebus bihun setengah matang dengan sedikit minyak., Cuci dan potong bawang merah, bawang putih, cabai rawit, sawi hijau, dan seledri., Oseng bawang merah, bawang putih, dan cabai rawit dengan sedikit minyak cco., Tambahkan air secukupnya., Bila sudah mendidih masukkan sawi hijau, dan seledri. Setelah 1 menit masukkan bihun yang sudah setengah matang., Masukkan bumbu : garam, lada, dan royco secukupnya. Hidangkan.",2,186.0,1.77,0.0,1.38,31.14,2.0,0.84,1460.0,126.0,https://www.fatsecret.co.id/resep/51264310-bihun-rebus/Default.aspx,https://m.ftscrt.com/static/recipe/ac94cf7f-b1fe-491a-8e5e-0750d86273e0_sq.jpg,Unhealthy
Bihun Jamur,Mie ini luar biasa ringan dan beraroma tinggi.,"1 besar egg, 50 gram cooked spinach (from fresh), 5 gram garlic, 50 gram shiitake mushrooms (stir-fried), 100 gram vermicelli, 50 gram chicken sausage, 1 sdm kecap manis, 1.5 g kaldu rasa jamur, 1 sdm kecap asin","Tumis bawang putih., Masukkan sosis, jamur. Angkat., Orek telor, angkat., Tumis bayam, angkat., Rebus bihun, tiriskan., Tumis bihun, masukkan kecap asin, kecap manis, dan kaldu jamur Masukkan sosis, jamur, telor, bayam., Masukkan sosis, jamur, telor, bayam., Bumbui dengan garam dan merica sesuai selera.",1,433.0,12.2,252.0,25.45,55.15,4.8,14.35,2400.0,637.0,https://www.fatsecret.co.id/resep/53228076-bihun-jamur/Default.aspx,https://m.ftscrt.com/static/recipe/6ba736b9-e389-425f-8ec0-3c22d551956b_sq.jpg,Healthy
Spring Roll,Lumpia Udang dan Sayuran Buatan Sendiri.,"1/4 besar telur goreng, 1/2 besar utuh tomat, 1 sdm mayones, 50 gram wortel, 50 gram kembang kol, 50 gram selada daun hijau, 1/4 mangkok bihun (dimasak), 1 sdm roasted sesame dressing, 3 kecil rice paper, 4 kecil udang kukus atau rebus","Siapkan bahan bahan isian., Rendam beberapa detik rice paper dalam air hangat., Bungkus semua bahan dalam rice paper., Untuk dressing : Campur salad dressing toasted sesame (kewpie) dengan mayonais., Spring roll siap disajikan.",1,332.0,12.7,88.0,10.17,43.24,5.1,9.34,567.0,684.0,https://www.fatsecret.co.id/resep/41820279-spring-roll/Default.aspx,https://m.ftscrt.com/static/recipe/e98a016b-1bf7-4053-aeed-74fdb2746a74_sq.jpg,Healthy
Spring Roll Ayam,Makanan pembuka yang menyegarkan dengan sayuran renyah berwarna-warni.,"1 sedang rice paper, 10 gram daging dada ayam (ayam pedaging, dipanggang, dimasak), 10 gram wortel, 10 gram mentimun (dengan kulit), 15 gram bihun (dimasak), 8 ml roasted sesame dressing","Rebus bihun, tiriskan., Potong sayur., Celup rice paper 2 detik di air., Siapkan dan gulung kertas nasi dengan bihun, ayam dan sayuran di dalamnya. Gunakan saus wijen sebagai saus.",1,119.0,3.09,8.0,4.11,16.86,0.8,1.66,149.0,83.0,https://www.fatsecret.co.id/resep/57485021-spring-roll-ayam/Default.aspx,https://m.ftscrt.com/static/recipe/eb63a2e9-07c5-4670-9ddd-3f5e668eb6d6_sq.jpg,Healthy
Sup Labu Telur,Sup labu dengan telur dan tahu.,"2 sedang telur, 1 sdt garam, 2 siung bawang putih, 160 gram labu, 1 gelas air, 5 ml minyak goreng, 40 gram tahu, 15 g bihun jagung, 4 g bumbu penyedap rasa sapi","Rebus bihun hingga matang, sisihkan., Kupas dan bersihkan labu potong dadu, sisihkan., Tumis bawang putih, masukkan telur dan aduk hingga matang., Tambahkan air, masukkan lahu dan tahu.",2,166.0,7.74,186.0,8.24,14.08,0.8,2.04,1292.0,366.0,https://www.fatsecret.co.id/resep/51316335-sup-labu-telur/Default.aspx,https://m.ftscrt.com/static/recipe/a25ba145-6369-44ac-862d-09b10f851181_sq.jpg,Healthy
Capcay,Hidangan cepat dan mudah dengan sosis dan sawi.,"1 besar telur, 1 sdm cabai merah atau rawit, 1 mangkok, dicincang sawi, 3 siung bawang putih, 2 kecil bawang merah, 1 sdm kecap manis, 50 g sosis sapi, 9 g saus sambal","Tumis bawang putih, bawang merah, dan cabai hingga harum., Tuang air secukupnya tunggu sampai mendidih., Masukkan sawi, sosis, dan telur., Tambahkan garam, lada, kecap secukupnya., Tunggu hingga matang.",1,363.0,12.39,212.0,17.07,47.46,4.9,21.28,1144.0,473.0,https://www.fatsecret.co.id/resep/42604554-capcay/Default.aspx,https://m.ftscrt.com/static/recipe/22db4992-c520-417a-abaf-397d6bd88f2b_sq.jpg,Healthy
Capcay Ayam Kuah tanpa Minyak,Hidangan sehat cepat dengan ayam dan sayuran.,"80 gram dada ayam (kulit tidak dimakan), 10 gram tomat, 1 sdt garam, 1/2 sdm saus tiram, 40 gram wortel, 40 gram kembang kol, 1 siung bawang putih, 40 gram sawi putih, 10 gram bawang bombay, 40 gram sawi hijau, 1,5 g kaldu rasa jamur","Cuci sayuran dan ayam., Geprak bawang putih hingga halus., Tumis bawang putih dan bombay dan wortel di teflon  tanpa minyak., Masukan air secukupnya,., Jika sudah mendidih masukan bumbu sesuai selera (garam,saus tiram,kaldu jamur)., Masukan ayam masak hingga matang,., Masukan sayuran., Koreksi rasa , selesai.",2,91.0,1.6,34.0,13.65,5.52,1.4,1.98,1660.0,322.0,https://www.fatsecret.co.id/resep/43283926-capcay-ayam-kuah-tanpa-minyak/Default.aspx,https://m.ftscrt.com/static/recipe/ba7e96e2-8277-4905-b4a8-bb56214373dd_sq.jpg,Unhealthy
Capcay Toge,Sama-sama gurih dan manis.,"50 gram kacang panjang hijau, 1 tongkol/bonggol besar jagung, 1 sejumput garam, 50 gram wortel, 500 ml air, 1 sdt gula pasir, 1 kecil bawang merah, 100 g sayur toge, 3 g royco ayam, 10 ml minyak goreng","Tumis bawang merah yang sudah diiris-iris dengan minyak panas., Lalu masukkan wortel,toge, jagung, dan kacang panjang. Tambahkan air sekitar 500 ml., Lalu tambahkan bumbu-bumbu penyebab seperti garam, gula dan royco (sesuai selera)., Lalu tunggu air menyusut menjadi setengah., Setelah itu siap dihidangkan.",2,200.0,5.51,0.0,20.3,23.42,4.0,7.38,532.0,376.0,https://www.fatsecret.co.id/resep/52690697-capcay-toge/Default.aspx,https://m.ftscrt.com/static/recipe/7b071d87-c929-4812-91ad-b54eca1796d9_sq.jpg,Healthy
Stim Ikan Ala Chinese,Stim ikan menggunakan ikan senangin yang dicampurkan dengan saos ala chinese.,"120 gram ikan, 1/4 hot chili pepper, 1 siung bawang putih, 1/4 mangkok, dicincang daun bawang (loncang), 0,65 g stevia sweetener, 23 g saus tiram, 15 ml kecap asin","Masak saos ala chinese dengan cara pertama oseng bawang putih dan jahe., Tambahkan air secukupnya., Tambahkan kecap asin, Tambahkan saos tiram., Tunggu hingga mendidih., Jika ikan sudah masak siram dengan saos ala chinese., Tunggu hingga mendidih., Stim ikan senangin dengan daun bawang, cabai merah dan cabai hijau di atasnya.",1,134.0,1.27,70.0,23.49,8.14,1.0,1.19,1567.0,552.0,https://www.fatsecret.co.id/resep/51195276-stim-ikan-ala-chinese/Default.aspx,https://m.ftscrt.com/static/recipe/caa2bb8c-4308-47f7-b7ab-6e66cc874508_sq.jpg,Healthy
Bola Ikan Udang Wortel,Hidangan sehat tanpa gula.,"100 gram udang, 102 gram telur (utuh), 77 gram wortel, 1 1/2 sendok kaldu jamur, 5 g lada putih bubuk, 34 gram bawang bombay, 15 ml saus rasa tiram, 300 gram ikan tenggiri","Kupas udang dan buang tulang di tenggiri., Campur semua bahan dalam food processor dan bumbui sesuai keinginan., Buat bola-bola (masing-masing sekitar 25 g)., Masukkan ke dalam kukusan dan masak selama 20 menit.",26,30.0,0.9,31.0,4.08,1.12,0.1,0.22,60.0,75.0,https://www.fatsecret.co.id/resep/59972989-bola-ikan-udang-wortel/Default.aspx,https://m.ftscrt.com/static/recipe/030ed9ca-c7aa-4fb0-aa65-b06fded812c2_sq.jpg,Healthy
Ikan Tongkol Asam Pedas,Hidangan rendah kolesterol menggunakan 5 bahan.,"1 sdm cabai merah atau rawit, 100 gram asam jawa, 1 siung bawang putih, 1 kecil bawang merah, 100 gram ikan tongkol","Rebus tuna dalam air hingga empuk. Tiriskan dan potong., Dalam wajan yang sudah diolesi sedikit minyak, tumis bahan lainnya hingga harum., Tambahkan tuna dan aduk., Didihkan selama 5 menit.",4,100.0,0.63,10.0,7.04,18.39,1.9,15.24,35.0,311.0,https://www.fatsecret.co.id/resep/64283653-ikan-tongkol-asam-pedas/Default.aspx,https://m.ftscrt.com/static/recipe/62115826-a37b-4023-bb93-ca910f630ac2_sq.jpg,Unhealthy
Mie Shirataki Soto,Mie Shirataki sarat dengan rasa dan topping.,"10 gram paprika merah manis, 22 gram cabai merah atau rawit, 39 gram daging dada ayam (ayam pedaging), 13 gram bawang putih, 39 gram sawi putih, 8 gram bawang merah, 80 g mie basah matang, 2 g royco ayam, 3 g lada putih bubuk, 15 g bumbu indomie goreng, 15 g kerupuk seblak, 32 gram jeruk nipis","Haluskan bawang putih, merah, cabai dan tambahkan garam serta lada., Masak ayam dipanggang kasih bumbu bawang putih, merica dan ohaiong. Lalu masak telur gausah pake minyak pake telfon aja., Tambahkan bumbu halus dan tambahkan air jeruk nipis lalu tambahkan sayuran, shirataki, dan paprika. Kemudian tambahkan bumbu Soto Indomie secukupnya. Menyajikan.",1,307.0,12.68,23.0,15.3,34.29,10.7,6.7,759.0,694.0,https://www.fatsecret.co.id/resep/50464500-mie-shirataki-soto/Default.aspx,https://m.ftscrt.com/static/recipe/22959696-0618-40a3-9704-bef5c7ba88f2_sq.jpg,Healthy
Martabak Tofu,Pancake Tofu dengan daun bawang dan wortel.,"1 besar egg, 1 medium carrots, 1 tsp white pepper, 2 sejumput salt, 1/2 sdm oyster sauce, 2 siung garlic, 1 mangkok, dicincang scallions or spring onions, 3/4 block regular tofu (with calcium sulfate), 1 tsp low sodium, dry beef broth, bouillon or consomme,","Hancurkan tahu, parut wortel dan potong daun bawang., Campurkan semua bahan dan telur aduk rata dan tambahkan bumbu-bumbu., Siapkan pan panas lalu kecilkan api dan panggang bertahap.",12,36.0,1.87,18.0,3.17,2.2,0.5,0.49,61.0,83.0,https://www.fatsecret.co.id/resep/47737765-martabak-tofu/Default.aspx,https://m.ftscrt.com/static/recipe/9b634ad8-92e8-49b9-bbb0-0daa12f02d79_sq.jpg,Healthy
Tahu Telur,"Hidangan ini sangat sederhana, namun lezat.","1 besar telur, 1 sdt cabai merah atau rawit, 1 sdm saus tiram, 20 gram sawi, 3 siung bawang putih, 1 daun bawang, 1 kecil utuh tomat merah, 100 gram tahu","Larutkan saus tiram kedalam air setengah gelas, masukkan ke teflon anti lengket., Masukkan cabai, bawang putih dan tahu yang sudah di hancurkan, tunggu hingga bumbu meresap ke tahu., Lalu masukkan tomat, daun bawang, sayuran dan telur., Tambahkan garam jika terlalu hambar, Aduk hingga rata., Selesai, makanan siap disajikan.",1,256.0,10.84,212.0,17.92,25.75,4.5,7.04,602.0,677.0,https://www.fatsecret.co.id/resep/tahu-telur/Default.aspx,https://m.ftscrt.com/static/recipe/36b1655d-cc44-4127-9ff1-b056694316f8_sq.jpg,Healthy
Sup Telur,Sup yang mudah dimasak yang sempurna untuk hari hujan.,"1 besar telur, 1 mangkok, segar sawi dimasak (dari segar), 25 gram kaldu jamur, 1 sdt garam, 25 g sosis ayam, 3 g lada putih bubuk","Kocok telur dan campurkan garam., Didihkan air dan jika air sudah mendidih masukkan telur kocok., Kemudian masukkan sosis dan sawi bersama kaldu dan merica.",1,187.0,10.95,212.0,12.24,10.99,3.6,1.01,3254.0,223.0,https://www.fatsecret.co.id/resep/52572016-sup-telur/Default.aspx,https://m.ftscrt.com/static/recipe/051eed7e-198e-4be3-9de2-397123bddc89_sq.jpg,Unhealthy
Sup Telur,Sup telur pengganti mie.,"2 besar telur, 1 sdm cabai merah atau rawit, 2 siung bawang putih, 20 gram daun bawang, 30 gram bayam, 100 gram sawi putih, 1 gelas air","Masukkan sayuran, bawang putih, cabai dan daun bawang yang sudah dipotong ke dalam panci yang sudah diisi air., Tunggu hingga sayuran lunak, masukkan garam, lada, penyedap rasa., Lalu masukkan telur, aduk aduk hingga blebek blebek., Selesai, hidangan siap disajikan.",1,204.0,11.24,423.0,15.86,11.9,2.6,2.29,187.0,555.0,https://www.fatsecret.co.id/resep/sup-telur/Default.aspx,https://m.ftscrt.com/static/recipe/1cf89613-1054-4330-b60e-3a62985ecafc_sq.jpg,Healthy
Tahu Telur,Hidangan tahu telur sempurna dengan jumlah bahan minimal.,"1 besar telur, 1 siung bawang putih dimasak, 1 sdt garam, 10 gram bayam, 2 gram bawang merah, 100 gram tahu, 2 ml minyak goreng","Hancurkan tahu., Iris kecil-kecil bayam., Campur tahu, bayam dengan telur., Haluskan bawang merah dan bawang putih beserta garam., Tumis bumbu halus., Masukkan adonan tahu dan masak hingga matang.",1,203.0,14.97,212.0,14.7,3.7,0.5,0.96,2413.0,252.0,https://www.fatsecret.co.id/resep/61518413-tahu-telur/Default.aspx,https://m.ftscrt.com/static/recipe/26b7f833-1306-4400-aa9e-073c82593a0e_sq.jpg,Unhealthy
Telur Sutera,Telur kukus dengan sisi jagung dan wortel.,"1 besar telur, 50 gram wortel dimasak, 1 besar putih telur, 1 sdm saus tiram, 1 potong jagung rebus, 1 siung bawang putih, 1 gram daun bawang, 10 gram bawang bombay","Kocok telur dengan irisan daun bawang, dengan menambahkan 100ml air. Masukkan garam dan merica sesuai selera. Lalu kukus., Rebus jagung dan wortel, tumis bawang bombay dan bawang putih dengan 1 sendok olive oil., Masukkan sayuran kedalam tumisan bawang, lalu tambahkan garam, merica dan 1 sendok saus tiram., Yang terakhir koreksi rasa.",1,195.0,6.81,212.0,12.76,22.75,3.6,5.02,774.0,430.0,https://www.fatsecret.co.id/resep/41945484-telur-sutera/Default.aspx,https://m.ftscrt.com/static/recipe/be854e2e-eccc-4c08-9702-b831f1deac1f_sq.jpg,Healthy
Mie Shirataki,Makan siang lezat rendah kalori.,"75 gram udang, 1 telur dadar atau telur orak-arik, 94 gram sawi dimasak (dari segar), 1 sdm saus tiram, 82 gram brokoli, 50 gram kubis, 1 siung bawang putih, 7 gram bawang merah, 1/2 sdm kecap manis, 200 g mie kering shirataki","Cuci mie shirataki basah dan tiriskan., Rebus mie 3menit, sambil potong2 sayuran kemudian cuci bersih., Siapkan teflon anti lengket, tumis bawang merah dan bawang putih sampai harum, masukkan telur lalu orak arik. Masukkan udang kemudian tambahkan sedikit air. Masak hingga udang matang, kemudian masukkan sayur2an., Tambahkan saus tiram dan kecap manis, masukkan mie shirataki. Aduk rata, masak sampai semua matang., Angkat dan sajikan.",1,371.0,11.44,367.0,32.95,36.0,8.1,11.55,1689.0,743.0,https://www.fatsecret.co.id/resep/40356867-mie-shirataki/Default.aspx,https://m.ftscrt.com/static/recipe/efd6cfee-349a-4fbf-a7c3-329f6cab26ff_sq.jpg,Healthy
Seblak Mie Shirataki,Seblak khas bandung,"1 besar telur, 2 gram cabai merah atau rawit, 1 sdt garam, 4 gram bawang putih, 10 gram bawang merah, 2 g kencur, 1 bendak wangi sweetener diabtx, 100 g mie basah matang, 40 gram pakcoy","Blender bawang merah, bawang putih, cengek, kencur/cikur dan air, atau bisa di uleg., Tumis bumbu (di teflon anti lengket) sampai airnya surut, (biar gak pait), terus jangan tambah minyak., Lalu masukan air dan telur, tunggu sampai matang. Bisa tambah daun jeruk biar wangi., Tambah mie shirataki dan pakcoy., Masukan gula tropicana dan garam sesuai selera., Cicipi, tunggu sampai airnya agak surut., Selesai.",1,114.0,5.38,212.0,7.13,11.65,5.0,1.51,2400.0,184.0,https://www.fatsecret.co.id/resep/seblak-mie-shirataki/Default.aspx,https://m.ftscrt.com/static/recipe/083a8e80-4c4a-4ae3-9e80-6b98cbbfe311_sq.jpg,Unhealthy
NasGor Receh,Nasi goreng dan mie shirataki goreng tanpa minyak.,"50 gram nasi putih, 1 sdm cabai merah atau rawit, 1 siung bawang putih, 50 g mie basah matang, 25 g sosis ayam kombinasi","Tumis bawang putih sampai harum., Masukkan cabai yang telah di haluskan., Tambahkan sosis dan mie shirataki., Tambahkan nasi tunggu sampai di rasa sudah cukup matang., Jika suka bisa di tambahkan telur ceplok,telur rebus atau bakso.",1,140.0,4.08,0.0,5.16,22.44,3.7,0.61,355.0,136.0,https://www.fatsecret.co.id/resep/46998501-nasgor-receh/Default.aspx,https://m.ftscrt.com/static/recipe/784c037d-2270-42db-bd24-1ff36231581e_sq.jpg,Healthy
Mentai Shirataki,Shirataki  noddle with mayo.,"3 sdm mayonnaise, 100 g mie kering, 18 ml saus sambal, 64 g crab stick, 3 tbsps sesame oil","Rebus mie shirataki., Campurkan mie shirataki dengan sejumput garam dan minyak wijen., Tata di ramekin, tambahkan crab stick rebus, dan beri mentai., Bakar menggunakan gas torch.",2,352.0,27.76,6.0,2.2,24.27,2.0,4.91,552.0,2.0,https://www.fatsecret.co.id/resep/41100705-mentai-shirataki/Default.aspx,https://m.ftscrt.com/static/recipe/c070cb47-4325-4c25-bcc0-ec46acff2a7d_sq.jpg,Healthy
Japchae Shirataki,Lezzetli şehriye yemeği.,"1 sedang paprika merah manis, 1 sejumput lada hitam, 1 sdt garam, 40 gram wortel, 1 mangkok, dicincang daun bawang (loncang), 1 sdt gula pasir, 1 sdt bawang putih cincang, 1/2 sdm kecap manis, 200 g mie basah matang, 10 g saus tiram, 20 gram jamur kancing, 10 ml pengganti kecap asin, 5,50 ml minyak goreng","Rebua mie shirataki sampe matang., Tumis jamur dan wortel hingga masak, tambahkan garam., Masukan mie yang sudah matang, aduk hingga tercampur., Masukan saus yang sudah dibuat. Masak hingga saus surut., Setelah surut, tambahkan paprika dan daun bawang. Aduk hingga tercampur rata., Mie siap di sajikan.",4,56.0,1.44,0.0,1.6,10.54,3.6,5.06,857.0,199.0,https://www.fatsecret.co.id/resep/50187114-japchae-shirataki/Default.aspx,https://m.ftscrt.com/static/recipe/454f0499-a2bc-469c-8079-d4bbe2abf1d3_sq.jpg,Unhealthy
Mie Shirataki Goreng,Begitu lezat dan mudah dimasak.,"1 sejumput salt, 1 buah utuh portabella mushrooms, 30 gram cherry tomatoes, 3 ml minyak goreng, 1 sdm kecap manis, 75 g mie kering shirataki, 8 g sambal bawang, 45 g dada ayam, 65 g telur omega","Panaskan wajan dengan minyak dan tumis irisan dada ayam dan jamur., Tambahkan telur orak-arik sebelumnya, irisan tomat, dan bahan lainnya, masak hingga matang., Pindahkan ke piring dan sajikan. Menikmati.",2,175.0,5.92,19.0,9.13,19.04,2.8,8.15,439.0,324.0,https://www.fatsecret.co.id/resep/67236434-mie-shirataki-goreng/Default.aspx,https://m.ftscrt.com/static/recipe/abd8c1bf-00db-4577-bef7-37e806f6a641_sq.jpg,Healthy
Nasi Goreng,Makanan sehat.,"92 gram kecambah, 1 sdm minyak wijen, 1 sdm saus tiram, 62 gram kubis, 100 gram wortel, 60 gram nasi merah (butir-sedang, dimasak), 60 gram nasi putih (butir-sedang, dimasak), 2 sdm saus sambal","Tulis wortel selama 1 menit, lalu masukkan gubis tumis kembali., Masukkan nasi, tumis hingga rata lalu masukkan kecambah., Tambahkan saus sambal, saus tiram, minyak wijen.",2,206.0,7.51,0.0,4.09,31.29,3.8,9.22,664.0,323.0,https://www.fatsecret.co.id/resep/nasi-goreng/Default.aspx,https://m.ftscrt.com/static/recipe/5cd27966-6e93-4ebe-a947-e6fee9ccca74_sq.jpg,Unhealthy
Nasi Goreng China,Nasi goreng ala restoran cina.,"1 besar telur, 1 sdm kecap asin (kedelai), 2 mangkok, dimasak nasi putih, 1 sdm margarin, 1 sejumput lada hitam, 1 sdt garam, 1 sdm minyak wijen, 30 gram wortel, 2 siung bawang putih, 3 sedang bawang merah, 20 g sayur toge, 20 g saus tiram, 3 g lada putih bubuk, 100 gram sawi hijau","Panaskan margarin, tumis bawang hingga harum kemudian masukan telur dan sayuran., Masukan nasi putih, aduk2 jangan lupa beri kecap asin, minyak wijen, saos tiram dan garam(opstional ya kalo kurang asin) dan lada., Aduk hingga tercampur rata. Nikmati.",2,450.0,14.27,106.0,14.04,67.2,4.0,8.76,2603.0,532.0,https://www.fatsecret.co.id/resep/43496209-nasi-goreng-china/Default.aspx,https://m.ftscrt.com/static/recipe/d2783c03-6082-46ed-a922-18ddfbef0ffc_sq.jpg,Unhealthy
Nasi Goreng Mentega,"Cepat dan mudah dibuat, disesuaikan dengan campuran favorit anda.","1 besar telur dadar atau telur orak-arik, 1 1/2 mangkok, dimasak nasi putih, 1 siung bawang putih, 100 g mixed vegetables, 27 g margarine","Tumis bawang putih cincang dengan margarine., Masukkan sayur campur dan diikuti dengan nasi., Tambahkan telur, orak arik, dan campur semuanya.",2,344.0,14.91,106.0,8.15,41.13,0.5,2.66,729.0,93.0,https://www.fatsecret.co.id/resep/53044110-nasi-goreng-mentega/Default.aspx,https://m.ftscrt.com/static/recipe/c7d2d6c4-8f2b-411b-9494-2b202d7bffc0_sq.jpg,Healthy
Nasi Goreng Sayuran,"Hidangan yang mengenyangkan, sarat dengan nutrisi.","1 besar telur, 1 mangkok,masak nasi putih, 100 gram wortel, 100 gram selada kol, 1 sdm sambal goreng, 100 gram sawi hijau","Dalam wajan antilengket, kocok telur., Tambahkan nasi dan saus sambal. Mengaduk., Masukkan sayuran dan aduk rata., Bumbui sesuai selera.",1,416.0,8.87,228.0,15.58,70.19,6.0,6.68,943.0,912.0,https://www.fatsecret.co.id/resep/64223429-nasi-goreng-sayuran/Default.aspx,https://m.ftscrt.com/static/recipe/87219099-5033-4aa1-ab15-42c08f893387_sq.jpg,Healthy
Nasi Goreng Spesial (Nasi Merah),"Nasi goreng yang menggunakan nasi merah. Dengan sedikit minyak. Terdapat karbohidrat, serat, vitamin, protein, dan lemak.","2 besar telur, 2 sdt garam, 3 siung bawang putih, 100 gram sayur campuran, 100 gram nasi merah (butir-sedang, dimasak), 3 g lada putih bubuk, 100 gram daging ayam (panggang, bakar, dimasak)","Haluskan bawang putih. Oseng sebentar, lalu masukkan sayuran dan daging ayam rebus., Pecahkan satu telur, buat scramble egg. Lalu masukkan nasi merah., Tambahkan garam dan lada. Campur sampai rata dan matang., Buat satu telur mata sapi. Hidangkan dipiring.",1,509.0,17.59,498.0,43.34,42.35,6.4,4.02,5140.0,648.0,https://www.fatsecret.co.id/resep/nasi-goreng-spesial-(nasi-merah)/Default.aspx,https://m.ftscrt.com/static/recipe/523b5e66-47cc-4d25-9d68-2ea36e9e8905_sq.jpg,Unhealthy
Cauliflower Nasi Goreng,"Pengganti nasi goreng untuk nasi goreng lovers, nasinya diganti kembang kol.","1 irisan tebal chicken breast, 1 besar egg, 1 mangkok chinese cabbage, 3 cups cauliflower, 1 sdt olive oil, 1 mangkok, irisan red onions, 3 sdt minced garlic, 10 ml kecap inggris, 1 sdm kecap manis, 3 g kaldu rasa jamur, 4 1/2 sdt chili","Sangrai di wajan kembang kol sampai berubah warna dan agak kering, lalu sisihkan., Tumis pakai olive oil bawang merah dan bawang putih sampi berubah warna dan harum lalu masukan cabai, ayam, tambahkan air masak sampai ayam matang sempurna lalu masukan telor aduk aduk sampai matang dan tambah kan air sedikit, kecap, kecap asin, kaldu jamur dll masak sampai semua bumbu meresap., Masukan kembanh kol, aduk aduk dengan semua bahan diatas, tambahkan lagi sedikit air dengan tujuan supaya semua rasa meresap kedalam kembang kol, masak sampai kembanh kok agak berubah warna dan rasa tekstur sudah mirip seperti ""nasi"" goreng.",2,184.0,6.56,116.0,11.36,23.66,5.4,7.52,626.0,784.0,https://www.fatsecret.co.id/resep/45151365-cauliflower-nasi-goreng/Default.aspx,https://m.ftscrt.com/static/recipe/16cf7cb1-cfeb-4696-bf81-dbdb98991bee_sq.jpg,Healthy
Tumis Sawi Putih,Hidangan sayuran yang mudah dan lezat.,"1 besar telur, 1 sdt cabai merah atau rawit, 1 sdt garam, 4 siung bawang putih, 200 gram sawi putih, 1 sdt gula pasir, 2 tomat ceri, 1 sdm minyak goreng, 1/4 sdm kecap manis, 2 g royco ayam, 35 gram bawang bombay","Potong Potong Sawi Putih Kemudian Cuci Bersih., Iris tipis2 bawang putih dan bawang bombay, iris serong cabai merah, iris tomat menjadi dua bagian., Panaskan minyak, lalu tumis bawang putih dan bawang bombay. Setelah harum masukkan telur dan orak-arik, tambahkan 250ml air, setelah mendidih tambahkan kol, cabai dan tomat, aduk rata. Tambahkan gula, garam, kecap & royco., Koreksi rasa, tunggu sampai matang.",1,263.0,15.78,212.0,10.08,22.48,1.7,10.46,3083.0,454.0,https://www.fatsecret.co.id/resep/45245098-tumis-sawi-putih/Default.aspx,https://m.ftscrt.com/static/recipe/4e52a80a-d7e5-4054-923a-632ded6781d3_sq.jpg,Unhealthy
Brokoli Bawang Putih,Resep brokoli bawang putih ini sangat mudah dan hanya butuh waktu 10 menit.,"1 sdt garam, 100 gram brokoli, 3 siung bawang putih, 1/2 sdt gula pasir, 5 ml olive oil, 5 g kaldu jamur, 30 g sosis, 6 g saus tiram","Bersihkan brokoli, potong lalu rendam dalam larutan garam 5-10menit., Cincang bawang putih. Goreng bawang putih menggunakan ollive oil sampe kecoklatan, sisihkan., Tumis sedikit bawang putih., Masukan brokoli dan sosis. Tambahkan air kemudian tutup, tunghu sampai brokoli agak layu., Tambahkan saus tiram, gula pasir, garam, dan kaldu jamur., Hidangkan brokoli kemudian siramkan bawang putih goreng diatasnya.",1,190.0,11.67,0.0,8.03,15.3,2.8,5.22,2897.0,352.0,https://www.fatsecret.co.id/resep/57588354-brokoli-bawang-putih/Default.aspx,https://m.ftscrt.com/static/recipe/09ebf138-010f-461b-8857-36d774e90964_sq.jpg,Unhealthy
Tumis Sawi Putih,Tumis sawi putih dengan paprika dan jamur kuping.,"1/4 sedang paprika merah manis, 1 sdt garam, 1/4 sedang paprika hijau, 55 gram sawi putih, 1 sdm minyak kanola, 30 g jamur kuping, 3 g lada putih bubuk, 20 gram bawang bombay","Potong-potong semua bahan termasuk sawi dan jamur kuping., Panaskan minyak., Masukan bawang Bombay dan paprika., Tumis hingga wangi., Masukan jamur., Masukan sawi putih., Masak hingga matang.",1,163.0,13.43,0.0,2.47,8.6,1.4,2.78,2334.0,190.0,https://www.fatsecret.co.id/resep/42968219-tumis-sawi-putih/Default.aspx,https://m.ftscrt.com/static/recipe/d94ad929-9114-4cc0-a9aa-981330df9b33_sq.jpg,Unhealthy
Shirataki Tomato Soup,Sup rendah kalori yang lezat dengan mie.,"1 sedang telur, 1 mangkok, segar sawi dimasak (dari segar), 200 gram tomat, 1 sdt garam, 1 sdm saus teriyaki, 50 gram buncis, 50 gram wortel, 5 siung bawang putih, 5 iris daun bawang, 3 gelas air, 1/2 sdm minyak goreng, 1 sdm kecap manis, 200 g mie basah matang, 2 g royco ayam, 2 chicken nugget","Panaskan minyak ½ sendok masukkan nugget yg dipotong dadu., Masukkan batang sawi, wortel dan buncis tambahkan air 250ml., Sisihkan tumisan ke pinggir wajan lalu masukkan telur, beri garam dan orak arik  bersama sayur., Masukkan irisan tomat, sawi, tambahkan air 500ml masukkan mie shirataki., Tambahkan royko/kaldu ayam, garam, irisan cabe, saus teriyaki dan kecap., Diamkan hingga mendidih., Ready to serving.",3,163.0,6.37,68.0,6.29,21.74,6.1,8.68,1550.0,395.0,https://www.fatsecret.co.id/resep/42669988-shirataki-tomato-soup/Default.aspx,https://m.ftscrt.com/static/recipe/a6235aa8-0fc3-4813-b99a-9a0c93a34218_sq.jpg,Unhealthy
Roti Tawar,"Roti tawar terbuat dari campuran tepung, telur, margarin, gula dan susu bubuk.","1 besar telur, 3 1/2 gram ragi, 1 sejumput garam, 120 ml air, 20 gram gula bubuk, 180 gram tepung terigu putih (semua keperluan), 30 g susu bubuk full cream, 20 gram margarin","Campurkan semua bahan kecuali margarin dan garam., Setelah bahan tercampur, masukan margarin dan aduk hingga semua bahan tercampur dan adonan menjadi kalis., Istirahatkan adonan selama 1 jam, biarkan hingga adonan mengembang 2 kali lipat dari ukuran semula., Panggan adonan menggunakan oven selama 30 menit dengan suhu 180°C., Setelah roti matang, oleskan margarin pada roti selagi hangat., Roti siap disajikan.",8,134.0,3.34,26.0,4.17,21.25,1.4,2.56,61.0,90.0,https://www.fatsecret.co.id/resep/roti-tawar/Default.aspx,https://m.ftscrt.com/static/recipe/134a0c2b-3e5d-4fe3-a74e-f415bc70b9a5_sq.jpg,Healthy
Sandwich,Untuk serapan atau makan malam.,"1 daun sedang selada, 100 gram telur ceplok, 2 lembar roti tawar gandum, 1 sachet saus sambal, 1 slice keju slice","Siap kan bahan., Panggang roti di pan tanpa minyak hingga mencoklat rata., Ceplok telur, tambahkan garam sejumput, kocok telur dan goreng., Susun roti dengan bahan bahan yang sudah disiapkan.",1,467.0,23.82,457.0,20.7,38.12,6.1,4.97,755.0,158.0,https://www.fatsecret.co.id/resep/61943949-sandwich/Default.aspx,https://m.ftscrt.com/static/recipe/6b4d7f9a-b598-4347-aa8e-744550ca847c_sq.jpg,Healthy
Sandwich Telur Dadar,Sarapan atau snack menggunakan 4 bahan.,"1 daun sedang selada, 1 besar telur dadar, 1 utuh sedang tomat merah, 1 lembar roti tawar gandum","Panggang roti dalam wajan antilengket selama satu menit di setiap sisi., Atur telur dadar dan sayuran di dalam roti., Iris dan sajikan.",1,306.0,11.59,217.0,13.63,36.48,7.6,5.77,435.0,373.0,https://www.fatsecret.co.id/resep/66245292-sandwich-telur-dadar/Default.aspx,https://m.ftscrt.com/static/recipe/687f35fe-9dd8-4a41-ab14-216a6bb82647_sq.jpg,Healthy
Setup Roti Gandum,Puding roti kukus.,"30 gram kismis, 1 besar putih telur, 5 gram kacang almond panggang kering (tanpa tambahan garam), 250 ml susu uht full cream (250ml), 6 g sweetener diabtx, 350 g roti gandum","Campur putih telur dengan gula lalu kocok., Campurkan 250ml susu UHT/Low Fat lalu aduk., Potong roti gandum sesuai selera lalu masukan kedalam adonan basah lalu aduk dengan rata., Tuangkan 1/2 adonan kedalam cetakan taburkan kismis sesuai selera., Tuangkan sisa adonan ratakan lalu taburkan kismis & kacang Almond sesuai selera., Kukus 20 menit atau sampai adonan padat (tusuk dengan tusuk gigi untuk test kepadatan).",4,183.0,6.58,4.0,10.4,49.99,7.9,7.06,387.0,179.0,https://www.fatsecret.co.id/resep/50726526-setup-roti-gandum/Default.aspx,https://m.ftscrt.com/static/recipe/4ec0a828-9f7e-4dd6-a837-5936a699d996_sq.jpg,Healthy
Tuna Bruschetta,Sarapan simple yg high protein.,"55 gram tuna dalam air (kalengan), 3 irisan reguler roti multigrain, 30 g corn kernel, 5 g kaldu jamur, 3 g lada putih bubuk, 40 ml squeeze yogurt original, 15 g mozzarella & cheddar","Campurkan tuna, yoghurt, kernel, kaldu jamur dan merica., Oleskan adonan tuna di atas roti multigrain., Letakkan potongan keju diatasnya., Panggang dengan airfryer selama 15 menit.",3,129.0,2.7,6.0,8.67,17.41,1.7,4.25,302.0,115.0,https://www.fatsecret.co.id/resep/56538013-tuna-bruschetta/Default.aspx,https://m.ftscrt.com/static/recipe/bc6eee28-91a3-4f64-86c3-79ad19165612_sq.jpg,Healthy
Toast Avocado,Sarapan atau camilan yang enak dan sederhana.,"1 irisan reguler roti gandum panggang, 1 alpukat, 5 g susu kental manis, 7.5 g mentega, 10 g palm sugar","Panggang roti dengan mentega., Keruk alpukat letakkan diatas roti., Taburi gula palm., Tuang susu kental manis.",1,488.0,37.53,0.0,6.83,39.95,15.0,5.15,216.0,1059.0,https://www.fatsecret.co.id/resep/52168842-toast-avocado/Default.aspx,https://m.ftscrt.com/static/recipe/445eff56-9751-43aa-853f-4b774d8527e9_sq.jpg,Healthy
Sate Mix Ayam dan Jamur,Sate ayam yang kaya rasa dan protein.,"100 gram dada ayam, 30 gram ketumbar, 5 gram cabai merah atau rawit, 1 sdt garam, 3 siung bawang putih, 100 gram jamur tiram, 2 kecil bawang merah, 1 sdm kecap manis, 50 ml air mineral, 100 g saus tiram, 3 g lada putih bubuk","Rebus jamur tiram , setelah itu tiriskan dan suwir sesuai dengan ukuran yang diinginkan., Belender bumbu untuk dipanggang setelah itu di tumis., Marinasi jamur dan dada ayam selama 30 menit., Tusuk jamur tiram dan dada ayam yg sudah di marinasikan pada tusuk sate., Panggang sate jamur dada ayam di teflon anti lengket atau panggangan anti lengket.",1,446.0,9.58,83.0,37.34,55.41,7.1,20.97,5891.0,1212.0,https://www.fatsecret.co.id/resep/47650140-sate-mix-ayam-dan-jamur/Default.aspx,https://m.ftscrt.com/static/recipe/4e100d48-ca1a-42be-aee4-b8591f01dc5b_sq.jpg,Unhealthy
Telor Dadar,"Resep sederhana yang menggunakan bahan-bahan yang sudah jadi di lemari es Anda, ditambah lagi cara memasaknya yang sangat cepat.","1 besar egg, 50 gram chives, 1 sdm, cincang scallions or spring onions, 25 g sosis ayam, 3 g lada putih bubuk, 1 sdm canola oil","Masukkan kucai kedalam teflon yg sudah diminyaki, masak sampai layu., Kocok sosis potong dengan telor, masukkan bumbu dan daun bawang secukupnya., Tuangkan adonan telor ke atas kucai, masak sampai matang.",1,246.0,19.17,212.0,11.04,7.0,1.4,1.44,243.0,232.0,https://www.fatsecret.co.id/resep/53423326-telor-dadar/Default.aspx,https://m.ftscrt.com/static/recipe/4a6ed25b-6543-4346-ba67-b72823d626a5_sq.jpg,Healthy
Pizza,Pizza lezat dengan sosis dan daging sapi yang bisa Anda bagikan dengan semua orang.,"5 gram ragi, 1 sdm margarin, 1 sdm mayones ringan, 20 gram gula pasir, 100 gram bawang bombay, 1/2 cup spaghetti sauce, 150 g tepung segitiga biru, 3 porsi beef frank, 1 porsi sosis bratwurst","Campur air hangat dengan ragi dan gula., Tambahkan tepung terigu dan margarin. Aduk rata dan uleni adonan hingga kalis. Diamkan selama 1 jam hingga mengembang., Gulung adonan, taruh di atas loyang dan tusuk dengan garpu., Oleskan saus spageti. Tambahkan irisan sosis, daging sapi, mayones dan bawang bombay. Taburi dengan peterseli dan oregano, jika diinginkan., Diamkan selama 15 menit selagi oven dipanaskan terlebih dahulu., Panggang dalam oven selama 30 menit dengan suhu 140°C.",8,144.0,3.81,6.0,6.25,21.91,0.7,4.34,144.0,31.0,https://www.fatsecret.co.id/resep/56269785-pizza/Default.aspx,https://m.ftscrt.com/static/recipe/8b15978d-2f68-470f-8777-9e251d080bfa_sq.jpg,Healthy
Sup Sosis dengan Sayuran,Hidangan lezat dan rendah kalori.,"1 besar telur, 100 gram buncis, 100 gram wortel, 65 g sosis sapi & ayam","Rebus air secukupnya lalu masukkan irisan sayuran., Masukkan irisan sosis dan telur kocok., Bumbui sesuai keinginan dan masak selama 5 menit.",1,256.0,11.33,212.0,19.04,21.09,6.2,6.32,745.0,596.0,https://www.fatsecret.co.id/resep/64613063-sup-sosis-dengan-sayuran/Default.aspx,https://m.ftscrt.com/static/recipe/c699f3a9-85c4-4433-8630-e1f3a0f22096_sq.jpg,Healthy
Bubur Oatmeal Asin,Bagi mereka yang ingin membumbui sarapan oatmeal biasa mereka.,"1/2 besar telur rebus, 1/4 mangkok jamur dimasak (lemak tidak ditambahkan dalam masakan), 1/2 sdt garam, 1/2 sdm seledri, 1 sdm, cincang daun bawang (loncang), 1/4 sosis ayam, 0,5 g royco ayam, 35 g instant oatmeal grain, 0,75 g lada putih bubuk, 1 irisan tipis ayam","Nyalakan kompor., Masukkan oatmeal ke teflon dan tambahkan air panas, aduk jangan sampai terlalu encer., Tambahkan garam, lada, daun bawang, dan penyedap rasa, aduk., Hias bubur dengan topping., Koreksi rasa, jika sudah pas, tuang ke mangkuk., Tambahkan air lagi sedikit demi sedikit sambil diaduk sampai tekstur seperti bubur., Selamat menikmati.",1,223.0,7.99,118.0,12.26,27.49,4.2,1.34,1549.0,228.0,https://www.fatsecret.co.id/resep/43193946-bubur-oatmeal-asin/Default.aspx,https://m.ftscrt.com/static/recipe/a01980be-616d-4107-a203-a94d7b2cf85a_sq.jpg,Unhealthy
Tahu Dihancurkan dengan Telur Orak Arik,Hidangan untuk makan siang dengan s rendah.,"16 gram cabai merah atau rawit, 10 gram bawang putih, 30 gram daun bawang, 2 sdm minyak goreng, 232 gram tahu, 35 gram bawang bombay, 110 gram telur","Tuangkan minyak, kemudian tumis bawang putih, bawang bombay, dan rawit., Setelah berwarna sedikit kecoklatan, masukkan telur dan diorak arik., Tambahkan tahu dan hancurkan. Tuangkan air secukupnya., Bumbui sesuai selera., Masukkan bawang daun dan sajikan.",4,156.0,11.34,116.0,8.91,6.43,1.6,1.55,48.0,221.0,https://www.fatsecret.co.id/resep/64589067-tahu-dihancurkan-dengan-telur-orak-arik/Default.aspx,https://m.ftscrt.com/static/recipe/f704a1d7-3b38-46aa-bf1e-4c7f58e831d0_sq.jpg,Healthy
Semur Tahu,Rebusan tahu ini mengenyangkan dan sangat bergizi.,"2 siung bawang putih, 1 utuh sedang tomat merah, 1 gelas air, 3 kecil bawang merah, 100 gram tahu, 2 sdm kecap manis, 2 sendok saus sambal, 1 takaran royco ayam, 1 sendok makan minyak goreng sawit, 20 gram cabai merah besar","Dalam wajan panas dengan minyak, tumis bawang putih, bawang merah, dan cabai merah., Tambahkan tomat cincang, air dan kecap., Terakhir masukkan tahu dan saus sambal. Campur dengan baik., Masak hingga kental dan tambahkan royco. Aduk dan pindahkan ke dalam mangkuk.",2,212.0,7.22,0.0,5.84,32.8,2.5,21.27,860.0,394.0,https://www.fatsecret.co.id/resep/55371138-semur-tahu/Default.aspx,https://m.ftscrt.com/static/recipe/4f948cfc-5dc3-4448-9dd5-a4fe7fa1c8de_sq.jpg,Unhealthy
Rolade Sehat,"Rolade sehat no minyak, no tepung gluten .","100 gram dada ayam, 4 besar telur, 1 sdt minyak wijen, 200 gram wortel, 1/2 sdm minyak goreng, 130 gram tahu, 50 ml susu uht full cream, 40 g rolled oat, 15 ml kecap asin","Campur semua bahan dengan chopper, kecuali 3 telur dan susu. Beri penyedap rasa, campur sampai rata., Kocok 3 telur dengan susu, dadar di teflon anti lengket., Lalu di bentuk seperti rolade dan kukus. Sudah siap disajikan.",40,24.0,1.21,23.0,1.84,1.37,0.2,0.32,42.0,34.0,https://www.fatsecret.co.id/resep/47664410-rolade-sehat/Default.aspx,https://m.ftscrt.com/static/recipe/60585fe8-d7a8-4d88-a2c6-8fb7e5544ff6_sq.jpg,Healthy
Tahu Goreng Telur,Ini sangat mudah dibuat dan merupakan hidangan pembuka yang enak serta hidangan utama dengan nasi.,"2 sedang telur, 1 sdm cabai merah atau rawit, 5 sdt garam, 2 siung bawang putih, 4 sedang bawang merah, 250 gram tahu, 1 takaran royco ayam, 125 ml minyak goreng 2x penyaringan","Haluskan bawang merah, bawang putih, dan cabai. Campur mereka dengan baik., Tahu dihaluskan lalu masukkan semua bahan kecuali minyak., Panaskan minyak dalam wajan dan goreng sampai berwarna cokelat keemasan.",8,188.0,16.69,46.0,4.51,6.92,1.1,2.65,1544.0,148.0,https://www.fatsecret.co.id/resep/55291385-tahu-goreng-telur/Default.aspx,https://m.ftscrt.com/static/recipe/3f634a4d-0188-4752-b68d-37ef262910d3_sq.jpg,Unhealthy
Tahu Kol,Kubis gulung dengan tahu dan sayuran di dalamnya.,"107 gram telur, 7 gram kaldu jamur, 1 1/2 sdt bawang putih bubuk, 50 gram buncis, 75 gram wortel, 350 gram sawi putih, 129 gram tempe, 1 1/2 sdt garam laut, 271 gram tahu, 10 g tepung pati jagung, 45 g tepung tapioka, 3 g lada putih bubuk","Aduk semua bahan., Rebus kol., Masukan bahan ke kol., Lipat kol dengan rapi., Kukus kurleb 30 menit.",42,20.0,0.97,11.0,1.58,1.45,0.1,0.33,92.0,40.0,https://www.fatsecret.co.id/resep/45578833-tahu-kol/Default.aspx,https://m.ftscrt.com/static/recipe/09b0eaac-f3f8-401a-9b92-31df845d0016_sq.jpg,Healthy
Perdekel Tahu Bawang,Campuran tahu dan bawang panggang yang harum.,"1 besar telur, 10 gram bawang putih, 10 gram daun bawang, 15 gram bawang merah, 150 gram tahu, 1 sdm virgin coconut oil","Iris bawang-bawangan, kemudian panggang hingga harum., Hancurkan tahu, tambahkan bawang-bawangan., Masukan telur ke dalam adonan tahu., Tambahkan garam, merica, dan kaldu jamur., Panaskan 1sdm vco di teflon anti lengket., Mulai dry frying adonan, kurleb 1 sdm adonan setiap goreng perkedel., Tunggu hingga ke coklatan, dan angkat. Perkedel siap dinikmati.",8,42.0,3.44,26.0,2.4,1.22,0.1,0.27,11.0,40.0,https://www.fatsecret.co.id/resep/46995655-perdekel-tahu-bawang/Default.aspx,https://m.ftscrt.com/static/recipe/06ce6870-d0f4-4185-84c8-c051b48e69fc_sq.jpg,Healthy
Omlete Tahu Telur,Sarapan yang mudah dan penuh protein.,"1 besar telur, 1 sdt garam, 100 gram tahu, 1 sendok makan minyak goreng sawit","Hancurkan tahu dalam mangkuk., Kocok telur, campur dengan tahu dan bumbui dengan garam., Masukkan minyak ke dalam wajan., Goreng hingga matang.",1,232.0,18.92,212.0,14.26,2.48,0.3,0.81,2405.0,185.0,https://www.fatsecret.co.id/resep/62143373-omlete-tahu-telur/Default.aspx,https://m.ftscrt.com/static/recipe/ee89885c-8bf7-440a-872e-b47c2063843f_sq.jpg,Unhealthy
Shakshuka,Telur dengan saus tomat.,"2 besar telur, 1 siung bawang putih, 2 besar utuh tomat merah, 1 sdm saus tomat, 100 gram bawang bombay, 50 gram jamur kancing","Kupas kulit tomat, lalu di cincang/blender. Cincang bawang putih dan bawang bombay, dan jamur champignon., Tumis bawang bombay dan bawang putih hingga layu, tambahkan jamur tumis lagi hingga jamur berubah warna, masukkan pure tomat, saos tomat dan air. Tambahkan Garam, lada, dan bumbu pilihan lainnya., Tambahkan telur, tutup pan hingga telur matang., Makanan siap dihidangkan.",1,283.0,11.0,423.0,18.65,31.06,6.3,18.69,331.0,1362.0,https://www.fatsecret.co.id/resep/52169205-shakshuka/Default.aspx,https://m.ftscrt.com/static/recipe/fb98f709-9289-43bc-8dc8-4d043c9867d9_sq.jpg,Unhealthy
Tempe Goreng,Tempe digoreng dengan air fryer.,"1 sdt garam, 1 siung bawang putih, 100 gram tempe","Iris tempe tipis tipis., Beri bumbu bawang putih dan garam., Lumuri bumbu dan masukkan ke air fryer dengan suhu 200°C waktu 20 menit.",8,25.0,1.35,0.0,2.34,1.3,0.0,0.0,292.0,53.0,https://www.fatsecret.co.id/resep/53042730-tempe-goreng/Default.aspx,https://m.ftscrt.com/static/recipe/d4e86393-78a7-4547-9b27-1b858e29b379_sq.jpg,Unhealthy
Tempe Kecap,Sangat cocok sebagai lauk.,"2 siung bawang putih dimasak, 3 sdm cabai merah atau rawit, 1 sdt garam, 100 gram tempe, 2 kecil bawang merah, 1 sdm minyak goreng, 2 sdm kecap manis","Kupas bawang merah, bawang putih bawang putih dan cincang halus bersama cabai, Panaskan minyak. Tumis bumbu sampai harum, Masukan air, garam secukupnya, dan kecap manis, Masukan tempe yang udah dipotong dadu, Aduk-aduk hingga air susut",1,489.0,23.68,0.0,22.38,56.79,6.4,29.98,3005.0,1043.0,https://www.fatsecret.co.id/resep/53683406-tempe-kecap/Default.aspx,https://m.ftscrt.com/static/recipe/082cfdd8-bbd1-4a46-a40c-e05649259d3a_sq.jpg,Unhealthy
Oseng Cabe Tahu Tempe,Ini adalah hidangan sederhana namun lezat dan kaya protein.,"200 gram cabai merah atau rawit, 10 buah tahu goreng, 8 kecil bawang merah, 1 sdm minyak goreng, 10 buah tempe goreng","Goreng tahu dan tempe dengan minyak, sampai setengah matang, kemudian angkat tiriskan., Tumis bawang merah dengan sisa minyak goreng tadi, masak sampai setengah makan., Masukkan irisan cabe, masak sampai setengah matang,., Masukkan gorengan tempe dan tahu, tambahakan garam secukupnya. Siap disajikan.",5,330.0,18.81,0.0,14.3,40.29,13.5,9.69,103.0,1099.0,https://www.fatsecret.co.id/resep/60457134-oseng-cabe-tahu-tempe/Default.aspx,https://m.ftscrt.com/static/recipe/cea1375a-fe97-474b-bfd1-06c7d4fd2b13_sq.jpg,Healthy
Steak Tempe,Steak tempe dengan kentang dan sayuran.,"1 sedang wortel dimasak, 1 sdt garam, 60 gram buncis, 2 siung bawang putih, 1 1/2 kentang (daging, tanpa garam, direbus), 50 ml air, 200 gram tempe, 2 sdm minyak goreng, 1 1/2 sdm kecap manis, 3 sdm saus sambal, 3 g lada putih bubuk","Kukus tempe, wortel, buncis, dan kentang selama 15. Setelah 15 menit angjat semua bahan., Setelah tempe dikukus, ulek tempe lalu tambahkan 1.5 sdm kecap manis dan 1 sdt garam, lalu bentuk tempe menjadi bulat, lalu panggang steak tempe dengan sedikit minyak sampai steak tempe berubah warna kecoklatan, lalu angkat dan siapkan di piring yang sudah ditata dengan buncis, wortel, dan kentang yang tadi sudah di kukus., Untuk bumbunya cincang 2 sium bawang putih, lalu tumis dengan sedikit minyak, lalu masukkan 3 sdm saus sambal abc, tambahkan 50 ml air dan 1 sdt lada bubuk putih. Saus siap untuk di hidangkan di atas steak tempe.",1,992.0,43.64,0.0,43.39,113.09,7.5,37.75,4138.0,1878.0,https://www.fatsecret.co.id/resep/42643514-steak-tempe/Default.aspx,https://m.ftscrt.com/static/recipe/5905c699-0809-4d8c-b364-dac48f954d89_sq.jpg,Unhealthy
Tempe Tahu Orek,Dimasak dengan saus pedas manis yang lezat.,"16 gram bawang putih, 132 gram tempe, 166 gram tahu goreng, 25 gram bawang merah, 45 ml minyak goreng, 90 ml kecap manis, 30 g saus sambal","Potong potong tempe, dan tahu goreng., Iris bawang merah dan bawang putih., Panaskan minyak kemudian tumis bawang merah dan bawang putih yang sudah di iris tipis., Setelah bawang merah dan bawang putih setengah matang masukkan tempe kemudian goreng hingga tempe setengah matang., Masukkan tahu, kemudian aduk dan masukkan kecap dan sambal masak hingga matang.",305,5.0,0.29,0.0,0.18,0.39,0.0,0.22,7.0,3.0,https://www.fatsecret.co.id/resep/52392266-tempe-tahu-orek/Default.aspx,https://m.ftscrt.com/static/recipe/5cbb7046-4610-454b-88c4-266719105876_sq.jpg,Unhealthy
Bakso Tempe,Bakso tempe sehat kaya protein.,"100 gram telur rebus, 5 gram kaldu jamur, 1 sdt lada hitam, 3 sdt garam, 22 gram bawang putih, 200 g tepung tapioka, 252 gram tempe kukus","Kukus tempe 15 menit., Hancurkan tempe dan masukkan semua bahan, aduk sampai kalis., Bentuk bulat tempe dan rebus 15 menit sampai mengambang.",20,32.0,1.18,21.0,1.42,4.02,0.1,1.57,367.0,22.0,https://www.fatsecret.co.id/resep/bakso-tempe/Default.aspx,https://m.ftscrt.com/static/recipe/781ca47e-8f3f-4cb0-823a-6af901808ea0_sq.jpg,Unhealthy
Kangkung Tumis,Makan siang bergizi.,"1 sdm cabai merah atau rawit, 1 siung bawang putih, 1 irisan tomat merah, 1 kecil bawang merah, 3 sdm minyak goreng, 300 gram kangkung, 100 g saus tiram, 23 g saus tiram","Iris kangkung dan bahan lain nya pisahkan., Tumis bahan., Lalu masukan kangkung, Saori dan sedikit air., Tunggu sampai kangkung masak dan siap disajikan.",1,450.0,32.4,0.0,10.93,35.27,9.1,5.51,215.0,1761.0,https://www.fatsecret.co.id/resep/39800325-kangkung-tumis/Default.aspx,https://m.ftscrt.com/static/recipe/412f55e6-de55-4504-b6fe-03a7bf1a7aef_sq.jpg,Healthy
Tumis Kangkung,Dipasangkan dengan sempurna dengan hidangan apa pun.,"1/2 gram cabai merah atau rawit, 10 gram bawang putih, 9 gram bawang merah, 3 ml minyak goreng, 60 gram kangkung","Tumis bawang merah dan bawang putih smpai harum dalam minyak goreng., Masukan cabai dan kangkung., Tumis hingga layu.",1,58.0,3.09,0.0,2.29,6.41,1.6,0.76,44.0,357.0,https://www.fatsecret.co.id/resep/54606762-tumis-kangkung/Default.aspx,https://m.ftscrt.com/static/recipe/dd44fafb-7c78-4a53-bdf6-b34c952f060e_sq.jpg,Healthy
Cah Kangkung Ala,Bayam dan telur dengan lada cayenne.,"1 besar telur, 5 gram cabai merah atau rawit, 2 siung bawang putih, 2 kecil bawang merah, 1 sdm minyak goreng, 59 gram kangkung","Panaskan minyak, masukkan bamer baput., Tunggu hingga harum, masukkan kangkung dan cabe rawit., Tambahkan sedikit air., Tumis kangkung hingga masak dan tidak layu.",1,260.0,16.17,212.0,10.04,21.22,4.6,7.17,118.0,683.0,https://www.fatsecret.co.id/resep/49294239-cah-kangkung-ala/Default.aspx,https://m.ftscrt.com/static/recipe/fc8ee1f0-1f60-4c5a-84ce-c5ca87b0aad7_sq.jpg,Healthy
Tumis Toge,"Hidangan sehat, mudah, dan super lezat yang hanya membutuhkan waktu beberapa menit untuk membuatnya.","100 gram kecambah, 2 siung bawang putih, 1 takaran royco ayam","Iris bawang putih dan tumis di atas api yang panas tanpa minyak., Tambahkan taoge dan penyedap rasa sesuai selera. Campur dengan baik., Tumis hingga matang.",1,38.0,0.51,0.0,3.97,6.67,2.3,1.9,567.0,132.0,https://www.fatsecret.co.id/resep/55489922-tumis-toge/Default.aspx,https://m.ftscrt.com/static/recipe/fe535711-e70c-49d7-b96b-4e6df5ea9249_sq.jpg,Unhealthy
Tumis Sayuran,"Hidangan rendah kalori, kaya nutrisi.","1 sejumput lada hitam, 140 gram buncis, 100 gram wortel, 120 gram kembang kol, 3 siung bawang putih, 1 sejumput garam laut, 1 1/2 sdm saos tiram, 60 gram bawang bombay","Potong sayuran menjadi potongan-potongan kecil., Tumis bawang putih dan bawang bombay dalam wajan antilengket., Perlahan tambahkan sisa bahan. Masak hingga empuk.",2,80.0,0.31,0.0,3.48,18.12,5.8,6.71,354.0,556.0,https://www.fatsecret.co.id/resep/58002098-tumis-sayuran/Default.aspx,https://m.ftscrt.com/static/recipe/24c9d481-ed55-4da8-9e6a-8bf9e1937d14_sq.jpg,Unhealthy
Tumis Kubis,Lauk sayuran rendah kalori.,"400 gram kubis hijau, 30 gram cabai merah atau rawit, 20 gram bawang putih, 1 kecil utuh tomat merah, 20 gram gula merah, 45 gram bawang merah, 3 g kaldu jamur, 1/2 sdm saus tiram, 2 gram udang rebon","Potong sayuran sesuai ukuran yang diinginkan., Tumis bawang merah dan bawang putih dalam wajan yang diolesi sedikit minyak., Tambahkan bahan lainnya satu per satu., Tuang air secukupnya dan tutup. Masak hingga matang.",4,89.0,1.55,0.0,3.4,19.17,4.9,10.8,139.0,505.0,https://www.fatsecret.co.id/resep/65355205-tumis-kubis/Default.aspx,https://m.ftscrt.com/static/recipe/17dcae94-b8d0-4236-bb60-e9047d920177_sq.jpg,Unhealthy
Tumis Brokoli Udang,"Brokoli dan udang rendah kalori, bagus untuk diet menurunkan berat badan.","100 gram udang, 2 mangkok, dicincang brokoli, 1 siung bawang putih, 1 sdm minyak zaitun","Tumis bawang putih menggunakan minyak zaitun hingga harum., Masukan udang, masak hingga berubah warna, beri sedikit air, masukan garam dan lada., Masukan brokoli, tumis hingga matang.",1,329.0,16.54,206.0,32.91,14.31,4.8,3.12,674.0,763.0,https://www.fatsecret.co.id/resep/tumis-brokoli-udang/Default.aspx,https://m.ftscrt.com/static/recipe/f0659101-386f-4cea-9bd4-94ba416a4ec7_sq.jpg,Healthy
Udang Tumis Brokoli,Udang dan brokoli yang lezat.,"250 sedang udang, 3 sdt bubuk cabai, 1 sdm bawang putih bubuk, 1 sdt garam, 150 gram brokoli, 10 g bawang merah goreng, 2 g royco ayam, 1 sdm kecap manis, 10 gram bawang bombay","Rebus udang sampai setengah matang dgn air., Masukkan brokoli dan bumbu., Rebus sehingga cukup air.",6,334.0,5.72,429.0,58.79,8.87,1.2,2.95,1845.0,504.0,https://www.fatsecret.co.id/resep/51932644-udang-tumis-brokoli/Default.aspx,https://m.ftscrt.com/static/recipe/e6865564-f148-4263-9fb1-fc0d8796a518_sq.jpg,Healthy
Udang Nori,"Camilan gurih, juicy, dan rendah kalori.","70 gram udang, 1/2 sdt garam, 2 sdt minyak wijen, 20 gram wortel, 20 gram daun bawang, 1 takaran stevia sweetener, 1 bungkus rumput laut panggang (nori), 1 porsi kaldu jamur, 1 takaran lada putih bubuk","Siapkan bahan, cincang udang dan bawang daun serta parut wortel dengan parutan keju., Masukan semua bahan kedalam wadah beri minyak jijen dan bumbu penyedap( garam, merica, kaldu jamur, pemanis stevia secukupnya )., Aduk hingga semua tercampur rata., Potong nori segi panjang menjadi beberapa bagian, disisi lain panaskan teflon dengan olesan sedikit minyak wijen., Taruh nori diatas teflon, lapisi dengan adonan hingga nori tertutup. Tutup teflon, Panggang dengan api yg  sangat kecil., Jika sudah hampir matang, balikkan perlahan., Sajikan di piring dengan nasi dan sayuran pilihan.",5,47.0,2.56,29.0,4.17,1.61,0.4,0.34,327.0,45.0,https://www.fatsecret.co.id/resep/56364737-udang-nori/Default.aspx,https://m.ftscrt.com/static/recipe/7955a85c-1945-434f-83c4-e4287f5fe9e3_sq.jpg,Healthy
Sawi Tahu,"Hidangan dengan bakso udang, tahu dan sayuran.","1 sedang telur, 1/2 sdt garam, 1 siung bawang putih, 10 ml air, 1/2 sdt gula pasir, 112 gram tahu, 117 gram pakcoy, 58 g bakso udang","Rebus bola udang, tahu, pakcoy. Tiriskan., Urak arik telur dan bawang putih tanpa minyak., Masukkan semua bahan dlm satu wadah, beri gula garam penyedap sedikit saja., Beri air sedikit saja, tunggu sebentar. Angkat. Sajikan.",1,246.0,11.19,186.0,19.47,18.6,1.3,4.26,1525.0,342.0,https://www.fatsecret.co.id/resep/45388262-sawi-tahu/Default.aspx,https://m.ftscrt.com/static/recipe/ec9f6427-a1c8-40b9-b401-3764138fb446_sq.jpg,Healthy
Steam Tofu Udang,Sup hangat cocok untuk hari hujan.,"125 gram udang, 2 sedang telur, 2 gram minyak wijen, 2 siung bawang putih, 1 sdt garam laut, 140 g egg tofu, 3 g kaldu jamur, 9 ml saus rasa tiram","Tumis bawang putih cincang pakai minyak wijen., Masukan udang hingga berubah warna., Tambahkan air secukupnya untuk membuat sup., Masukkan tofu hingga semua matang., Masukan garam saus tiram kaldu jamur., Masukan Kocokan telur aduk hingga berserabut. Tambahkan daun bawang (opsional).",6,77.0,3.94,105.0,8.84,2.04,0.0,0.12,578.0,60.0,https://www.fatsecret.co.id/resep/56952654-steam-tofu-udang/Default.aspx,https://m.ftscrt.com/static/recipe/67e6f98e-1c4c-44aa-a2b8-1791e821a1cd_sq.jpg,Healthy
